0,0,0,0,0,0,1,0,0,0,0,0,1,0,0,0,0,0,0,0,0,0,0,0,0,0,0,0,0,0,
0,0,0,0,0,0,0,1,0,0,0,0,1,0,0,0,0,0,0,0,0,0,0,0,0,0,0,0,0,0,
0,0,0,0,0,0,0,0,0,0,0,0,0,0,0,0,0,0,0,0,0,0,0,0,0,0,0,0,0,0,
0,0,0,0,0,0,0,0,0,0,0,0,0,0,0,0,0,0,0,0,0,0,0,0,0,0,1,0,0,0,
0,0,0,0,0,0,0,0,0,0,0,0,0,0,0,0,0,0,0,0,0,0,0,0,0,0,0,0,0,0,
0,1,0,0,0,0,0,0,0,0,0,0,0,0,0,0,0,0,0,0,0,0,0,0,0,0,0,0,0,0,
0,0,0,0,0,0,0,0,0,0,0,0,0,0,0,0,0,0,0,0,0,0,0,0,0,0,0,0,0,0,
0,1,0,0,0,0,0,0,0,0,0,0,0,0,0,0,0,0,0,0,0,0,0,0,0,0,0,0,0,0,
0,0,0,0,0,0,0,0,0,0,0,0,0,0,0,0,0,0,0,2,0,0,0,0,0,0,0,0,0,0,
0,0,1,0,0,0,0,0,0,0,0,0,0,0,0,0,0,0,0,0,0,0,0,0,0,0,0,0,0,0,
0,0,0,0,0,0,0,0,0,0,0,0,0,0,0,0,12,0,0,0,0,0,0,0,0,0,0,0,0,0,
0,0,0,0,0,0,0,0,0,0,0,0,1,0,0,0,0,0,0,0,0,0,1,1,0,0,0,0,0,0,
0,1,0,0,0,0,0,0,0,0,0,0,0,0,0,0,0,0,0,0,0,0,0,0,0,0,0,0,0,0,
0,1,0,0,0,0,0,0,0,0,0,0,1,0,0,0,0,0,0,1,0,0,1,0,0,0,0,0,0,0,
0,0,0,0,0,0,0,0,0,0,0,0,1,1,0,0,0,0,0,0,0,0,1,0,0,0,0,0,0,0,
0,0,0,0,0,0,0,0,0,0,0,1,1,0,0,0,0,0,0,1,0,0,2,0,0,0,0,0,0,0,
0,0,0,1,1,1,1,1,1,1,0,1,1,0,0,2,0,0,0,1,1,1,0,0,0,1,0,0,0,0,
0,0,0,0,0,0,0,0,0,0,0,0,0,0,0,0,0,0,0,0,0,0,0,0,0,0,0,0,0,0,
0,0,0,0,0,0,0,0,0,0,0,0,0,0,0,0,0,0,0,0,0,0,0,0,0,0,0,0,0,0,
0,0,0,0,0,0,0,0,0,0,0,0,0,0,0,0,0,0,0,0,0,0,0,0,0,0,0,0,0,0,
0,0,0,0,0,0,0,0,0,0,0,0,0,0,0,0,0,0,0,0,0,0,0,0,0,0,0,0,0,0,
0,0,0,1,0,0,0,0,0,0,0,0,0,0,0,0,0,0,0,0,0,0,0,0,0,0,0,0,0,0,
0,0,0,0,0,0,0,0,0,0,0,0,0,0,0,0,0,0,0,0,0,0,0,0,0,0,0,0,0,0,
0,0,0,0,0,0,0,0,0,0,0,0,0,0,0,0,0,0,0,0,0,0,0,0,0,0,0,0,0,0,
0,0,0,0,0,0,0,1,1,0,0,0,0,0,0,0,0,0,0,1,0,0,0,0,0,0,0,0,0,0,
0,1,0,0,0,0,0,0,0,0,0,0,0,0,0,0,0,0,0,0,0,0,0,0,0,0,0,0,0,0,
0,0,0,0,0,0,0,0,1,0,0,0,0,0,0,0,0,0,0,0,0,0,0,0,0,0,0,0,0,0,
0,1,0,1,0,0,0,0,1,0,0,0,0,0,0,0,0,0,0,0,0,0,0,0,0,0,0,0,0,0,
0,0,0,1,0,0,0,0,0,0,0,1,0,1,0,0,0,0,0,0,1,0,0,0,0,0,0,0,0,0,
0,0,0,1,0,0,0,0,0,0,0,0,0,0,0,0,0,0,0,1,0,0,0,0,0,0,0,0,0,0,
1,0,0,1,0,0,0,0,0,0,0,0,0,0,0,0,0,0,0,1,0,9,0,0,0,0,0,0,0,0,
0,0,0,0,0,0,2,1,0,0,0,0,0,0,0,0,0,0,0,0,0,0,0,0,0,0,0,0,0,0,
0,0,0,0,0,0,0,1,0,0,0,0,0,0,0,0,0,0,0,0,0,0,0,0,0,0,0,0,0,0,
1,1,0,0,0,0,0,1,0,0,0,0,0,0,0,0,0,0,0,0,0,0,0,0,0,0,0,0,0,0,
0,0,0,0,0,0,1,0,0,0,0,0,0,0,0,0,0,0,0,0,0,0,0,0,0,0,0,0,0,0,
0,1,1,0,0,0,0,0,0,0,0,0,0,0,0,0,0,0,0,1,0,0,0,0,0,0,0,0,0,0,
0,0,0,0,0,0,0,0,0,1,0,0,0,0,0,0,0,0,0,0,0,0,0,0,0,0,0,0,0,0,
0,0,0,0,0,0,0,0,0,1,0,0,0,0,0,0,0,0,0,0,0,0,0,0,0,0,0,0,0,0,
0,0,0,0,0,0,0,0,0,1,0,0,0,0,1,0,0,0,0,0,0,0,0,0,0,0,0,0,0,0,
0,1,0,0,0,0,0,0,0,0,0,0,0,0,1,0,0,0,0,0,0,0,0,0,1,0,0,0,0,0,
0,0,0,0,0,0,0,0,0,0,0,0,0,0,1,0,1,0,0,4,0,0,0,0,0,0,0,0,0,0,
0,0,0,0,0,0,0,0,0,0,0,0,0,0,1,0,0,0,0,12,0,0,0,0,0,0,0,0,0,0,
0,0,0,1,0,0,0,1,0,1,0,0,0,0,2,0,0,0,0,6,0,0,0,0,0,0,0,0,0,0,
0,0,0,0,0,0,0,0,0,0,0,0,0,0,1,0,0,0,0,0,0,0,0,0,0,0,0,0,0,0,
0,0,0,0,0,0,2,0,0,0,0,0,0,0,1,0,0,0,1,0,0,0,0,0,0,0,0,0,0,0,
0,0,0,0,1,0,1,0,0,2,0,0,0,0,1,0,0,0,0,0,0,0,0,0,0,0,0,0,0,0,
0,0,0,0,0,0,0,0,0,2,0,0,0,0,0,0,0,0,0,0,0,0,0,0,0,0,0,0,0,0,
0,0,9,0,0,0,0,0,0,1,0,0,0,0,2,0,0,0,0,0,0,0,0,0,0,0,0,1,1,0,
1,0,0,0,0,0,0,0,0,1,0,0,0,0,1,0,0,0,0,0,0,0,0,0,0,0,0,1,0,0,
0,0,0,0,0,0,0,0,0,1,0,0,0,0,0,0,2,0,0,0,0,0,0,0,0,0,1,0,0,0,
0,0,0,0,0,0,0,0,0,2,0,0,0,0,0,0,1,0,0,0,0,0,0,0,0,0,1,0,0,0,
1,0,0,0,1,0,0,0,0,1,1,0,0,0,1,0,0,0,0,0,0,0,1,0,0,0,0,0,0,0,
2,0,0,0,1,0,0,1,0,2,1,0,2,0,1,0,0,1,0,0,0,0,0,0,0,0,0,1,0,0,
1,0,0,0,0,0,0,0,0,1,0,10,1,1,1,0,0,0,0,0,0,0,0,0,0,0,0,0,0,0,
1,0,0,0,1,0,1,0,0,1,0,0,1,0,0,0,0,0,0,0,0,0,0,0,0,1,1,1,0,0,
0,0,0,0,0,0,0,0,0,0,0,0,0,0,1,0,0,1,0,0,0,0,0,0,0,2,1,0,0,0,
1,0,0,0,0,0,0,0,0,1,0,0,0,0,0,0,0,0,0,0,0,0,0,0,0,1,0,0,0,0,
12,1,1,2,1,1,1,1,2,1,1,1,1,1,2,1,10,1,1,1,1,1,1,1,1,1,1,1,1,1,
1,0,0,1,0,0,0,0,3,1,2,1,0,0,1,1,0,0,0,0,0,0,1,0,0,0,0,0,0,0,
0,0,0,1,0,0,0,0,1,1,1,1,0,0,1,0,0,0,0,0,0,0,1,0,0,0,0,0,0,0,
0,0,0,1,0,0,0,0,1,0,0,1,0,0,2,1,0,0,0,0,0,0,1,0,0,0,1,0,0,0,
0,1,0,0,1,0,0,0,0,0,0,0,1,0,1,1,0,0,0,0,0,0,0,0,0,0,0,0,0,0,
0,0,0,0,0,1,0,0,1,1,0,0,1,0,1,0,0,0,0,0,0,0,0,0,0,0,0,1,0,0,
0,0,0,1,0,1,0,1,1,1,0,0,1,1,2,0,0,0,0,1,0,0,0,0,0,0,0,1,0,0,
0,0,0,0,0,0,0,1,1,2,0,0,1,1,1,1,0,0,0,1,0,0,0,0,0,0,1,0,0,0,
0,0,0,0,0,0,0,0,1,2,0,0,0,1,1,0,0,0,0,1,0,0,0,0,0,0,1,1,0,0,
1,1,1,0,0,0,0,1,1,1,0,0,0,1,1,0,0,0,0,0,0,1,0,0,0,0,1,1,0,0,
0,1,1,0,0,2,0,1,0,3,0,0,0,1,1,0,0,2,0,1,0,0,1,0,1,1,1,1,0,0,
1,0,1,0,0,1,0,3,0,1,0,0,0,0,0,1,1,1,0,0,0,0,0,0,0,1,1,1,0,1,
1,0,1,0,0,2,0,1,0,1,0,0,0,0,1,1,0,3,0,1,0,0,0,1,0,1,1,1,0,1,
1,0,2,0,0,1,0,1,1,2,0,1,0,0,0,0,1,1,1,0,1,0,0,0,1,1,1,0,0,0,
1,1,1,0,0,0,2,1,0,1,1,0,0,1,0,0,0,1,1,2,1,0,0,1,1,0,1,1,0,0,
1,1,1,0,0,1,1,1,0,0,1,0,0,1,0,0,0,1,1,4,0,0,1,0,1,1,1,1,0,0,
16,0,1,0,1,3,3,1,0,1,1,0,0,0,1,0,0,0,0,2,0,0,0,0,3,0,1,0,0,1,
1,0,0,0,0,2,2,0,0,1,1,0,0,1,0,0,1,0,0,2,0,0,1,1,1,0,1,0,0,1,
1,0,0,1,0,1,1,1,1,1,1,1,0,0,1,0,0,1,1,2,1,1,1,1,1,1,1,1,1,1,
1,1,1,0,1,1,1,1,0,0,1,1,1,1,0,1,1,1,0,1,0,1,0,0,1,1,1,1,1,1,
1,2,0,1,1,1,1,1,1,2,1,1,4,0,1,1,1,1,1,2,1,1,1,6,1,1,1,1,1,1,
1,1,0,0,10,1,1,1,1,1,1,1,1,1,1,0,1,1,0,2,1,0,0,1,1,1,0,1,1,1,
0,1,1,0,0,1,1,1,1,1,1,1,1,1,1,0,1,1,0,2,0,0,1,1,1,1,1,1,1,1,
1,1,1,0,1,2,1,1,0,0,0,0,1,1,1,1,24,1,0,2,1,0,0,1,1,10,0,0,1,1,
1,1,1,1,2,1,1,1,1,1,1,0,1,1,1,1,1,1,1,5,1,1,1,0,1,1,0,0,1,1,
1,1,1,1,1,1,1,1,1,1,2,1,1,1,0,1,1,1,0,2,1,1,0,0,1,0,1,1,0,1,
1,1,0,1,1,1,1,1,1,1,1,0,1,1,1,1,1,1,0,2,1,0,1,0,1,1,1,0,1,1,
2,1,1,1,1,1,1,1,1,1,1,1,1,1,1,1,1,1,0,3,1,1,0,0,1,1,1,1,1,1,
2,2,1,1,1,1,1,1,1,1,2,2,1,1,2,1,0,1,1,1,1,1,1,10,1,1,1,1,1,1,
1,1,1,1,1,1,1,0,1,1,1,1,1,1,1,1,1,1,1,2,1,1,1,1,1,1,1,1,1,1,
4,2,2,1,1,1,1,1,1,1,1,1,1,1,1,1,2,1,1,2,1,1,1,1,1,1,1,0,1,1,
1,1,1,2,1,1,1,10,1,1,1,1,1,1,1,1,1,1,1,1,1,1,1,1,1,1,1,1,1,1,
10,2,1,1,1,1,1,1,1,2,1,1,1,1,1,1,1,1,0,2,1,1,1,9,1,1,1,1,1,1,
1,1,1,1,0,1,1,1,1,4,1,1,1,1,1,1,1,1,1,2,1,1,1,1,1,1,1,1,0,1,
1,1,1,1,1,1,1,1,1,2,1,1,1,1,1,1,1,1,0,1,1,1,1,1,1,1,1,1,1,1,
1,1,1,1,1,1,1,1,1,1,1,1,1,1,1,1,1,1,1,1,1,1,1,1,1,1,1,1,1,1,
1,1,1,1,1,1,1,1,1,1,1,1,1,1,1,1,1,1,1,1,1,1,1,1,1,1,1,1,1,1,
2,1,11,1,1,1,1,1,1,1,1,1,1,1,1,1,1,1,1,1,1,1,1,1,3,1,1,1,1,1,
3,1,1,1,1,1,2,1,1,1,1,1,1,1,1,1,1,1,1,1,1,1,1,1,4,1,1,1,1,1,
2,1,1,1,1,1,1,1,1,1,1,1,1,1,1,1,1,1,1,1,3,1,1,11,2,1,1,1,1,1,
2,1,1,1,1,1,1,1,1,1,1,1,1,1,1,1,1,1,1,1,4,1,1,1,2,1,1,1,1,1,
1,1,1,1,2,2,1,1,1,1,1,1,1,1,1,1,12,1,1,2,1,1,1,1,2,1,1,1,2,1,
1,1,1,1,1,1,1,1,1,1,1,1,1,1,1,1,1,1,1,1,1,1,1,1,2,1,1,1,1,1,
4,1,1,1,1,1,1,1,1,1,1,1,1,1,1,1,1,1,1,1,1,1,1,1,2,10,1,1,1,1,
1,1,1,1,1,1,1,1,1,1,1,1,2,1,1,1,1,1,1,2,1,1,1,1,2,1,1,1,1,1,
2,1,1,1,1,1,1,1,1,1,1,1,1,1,1,2,1,1,1,1,1,2,1,1,1,1,1,1,9,1,
12,3,1,1,1,1,1,1,2,1,1,1,1,1,1,1,1,1,1,1,1,1,1,1,1,1,1,1,1,1,
2,1,1,1,2,1,1,1,12,1,1,1,1,1,1,1,1,1,1,1,1,1,1,1,2,1,1,1,1,1,
9,1,2,1,1,1,1,1,2,1,1,1,1,1,2,1,1,1,1,1,1,1,1,1,2,1,1,1,1,1,
1,1,3,1,1,2,1,1,3,1,1,1,1,1,4,1,1,1,1,1,1,1,1,1,2,1,1,1,1,1,
1,1,3,1,1,1,1,1,3,1,1,1,1,1,1,1,1,1,1,1,1,1,1,1,2,1,1,1,1,1,
1,1,2,3,1,1,1,1,2,2,1,2,1,1,1,1,2,1,1,1,1,1,1,1,2,1,1,1,1,1,
1,1,1,2,1,1,1,1,3,5,1,2,1,1,1,1,2,2,1,1,1,1,1,1,2,1,1,1,1,1,
1,1,2,1,1,1,1,1,1,2,1,1,1,1,1,3,1,5,1,1,1,1,1,1,1,1,1,1,1,1,
1,1,5,1,1,1,1,1,1,1,1,1,1,1,1,1,1,1,1,1,1,1,1,3,2,1,1,1,1,1,
2,1,4,1,1,1,1,1,1,1,1,1,1,1,1,1,1,3,1,1,1,1,1,1,8,1,1,1,1,1,
1,1,2,1,1,1,1,1,2,1,1,1,1,1,1,1,1,2,1,2,1,1,2,1,2,1,11,1,1,4,
2,1,3,1,2,1,1,1,1,1,1,1,1,1,1,1,1,2,1,1,1,1,1,1,2,1,1,1,1,5,
3,1,12,1,1,1,2,1,1,1,1,1,1,1,1,1,1,1,1,1,1,1,1,1,3,1,1,1,1,2,
2,1,1,1,1,1,1,1,1,1,1,1,1,1,1,3,1,1,1,1,1,1,1,1,2,1,1,1,1,2,
1,1,4,1,1,1,2,1,5,1,1,1,3,1,1,1,1,1,1,1,1,1,1,1,1,2,1,1,1,2,
1,1,3,1,1,1,1,11,4,1,1,1,1,1,1,1,1,2,1,1,1,1,1,1,1,1,1,1,1,3,
1,1,4,1,1,10,1,1,3,1,1,1,1,1,1,1,1,1,1,1,1,1,1,1,3,1,1,1,1,2,
2,1,2,1,1,1,1,1,3,1,1,1,1,7,2,1,1,1,1,1,1,1,1,2,2,1,2,1,1,1,
9,1,2,1,1,1,1,1,3,2,1,2,1,7,1,1,1,1,1,1,1,1,1,3,2,1,1,1,1,9,
1,1,1,1,4,1,1,1,2,2,1,1,2,3,3,1,1,1,1,1,1,1,1,2,2,1,1,1,1,1,
1,1,1,1,3,1,1,1,1,2,1,1,2,3,2,2,1,1,1,1,1,1,1,2,3,1,1,1,1,1,
1,1,3,1,2,2,1,4,1,1,1,1,2,3,3,2,1,1,1,1,1,3,1,2,2,1,1,1,1,3,
1,1,2,1,1,1,1,3,2,1,1,1,1,4,1,1,1,2,1,1,1,2,1,2,1,2,1,1,1,2,
1,1,1,2,1,1,1,3,1,1,4,1,1,2,1,1,1,1,1,1,1,2,1,2,4,1,1,1,2,2,
1,1,1,10,1,1,1,4,1,1,2,1,1,1,2,1,1,1,1,1,1,1,1,3,3,1,1,1,1,4,
2,1,2,2,2,1,1,4,1,1,2,1,1,2,2,1,1,1,1,1,1,1,1,2,4,1,1,1,1,2,
1,1,6,1,2,1,1,3,1,1,3,1,1,1,1,1,1,1,1,1,1,1,1,1,5,1,1,1,1,2,
2,1,3,1,1,1,1,2,3,1,2,1,1,3,1,1,1,2,1,2,1,1,1,1,2,1,1,1,1,2,
1,1,3,1,1,1,2,2,2,2,2,1,1,4,1,1,1,1,1,1,1,1,1,1,3,1,1,2,1,1,
1,1,1,1,1,1,2,2,1,1,2,1,1,3,1,1,1,1,1,1,1,1,2,2,2,1,1,1,1,1,
1,1,2,1,1,1,1,2,1,1,2,1,1,1,1,11,1,1,1,1,12,1,1,2,3,1,2,2,1,1,
2,1,3,1,1,3,1,2,1,1,2,1,2,2,1,2,1,1,1,1,1,1,1,3,2,1,1,1,1,1,
1,1,2,1,1,3,1,2,1,1,2,1,1,2,1,1,1,1,1,1,1,1,1,2,3,1,1,1,11,1,
1,1,1,1,1,3,1,4,3,1,2,1,1,2,4,1,1,1,1,1,1,1,1,2,3,1,1,1,1,1,
6,1,1,1,1,2,1,3,2,1,1,1,1,1,2,2,1,1,1,1,1,1,1,2,2,1,1,1,1,11,
2,1,3,1,2,1,2,4,2,3,1,8,2,1,11,2,1,1,1,1,1,1,1,2,3,1,1,1,1,1,
1,2,2,2,3,2,2,3,2,2,2,7,2,2,2,2,1,2,2,2,2,2,2,2,3,2,2,2,2,2,
1,1,1,1,2,1,1,2,1,2,1,3,2,1,1,1,1,2,1,9,1,1,1,1,3,1,1,1,1,1,
1,1,1,2,1,1,1,1,1,2,5,5,1,1,1,1,2,1,1,2,1,3,1,1,3,2,1,1,1,1,
1,1,1,1,2,2,1,1,1,1,2,4,1,1,1,1,1,1,1,1,1,3,1,1,3,1,1,1,1,1,
1,1,1,3,2,2,1,1,1,1,1,2,1,1,2,1,1,1,1,1,1,1,1,1,3,1,1,1,2,3,
1,1,1,2,6,2,1,1,2,1,1,2,1,2,1,1,1,1,1,1,1,1,1,1,3,1,1,6,1,2,
1,1,1,1,4,1,2,1,2,2,1,2,1,8,2,1,1,1,1,1,1,1,1,1,5,1,1,1,1,2,
1,1,1,1,2,1,4,1,1,1,1,2,1,2,2,1,2,1,1,1,1,1,1,1,4,1,1,1,1,1,
2,2,1,1,1,2,3,2,1,1,1,2,1,1,1,1,2,2,1,2,1,1,2,10,8,1,1,1,1,2,
1,1,1,1,2,5,3,1,1,1,1,1,1,1,2,1,1,2,3,2,1,1,1,3,2,1,1,1,1,1,
1,2,3,1,2,2,3,1,1,1,1,3,1,1,2,1,1,2,1,1,11,2,1,4,1,1,1,4,1,2,
1,1,10,1,1,1,5,2,1,1,1,2,1,1,3,1,1,1,2,10,14,1,3,2,1,1,2,2,1,1,
1,1,1,1,1,1,3,3,4,1,1,2,1,1,11,1,1,1,2,1,5,1,3,1,1,1,2,1,2,1,
2,2,2,1,1,1,2,2,12,1,1,1,2,2,4,1,1,1,2,1,6,1,2,1,1,1,2,2,2,1,
11,2,1,1,2,1,2,2,2,2,2,2,2,1,2,2,1,1,2,1,7,1,2,2,1,2,2,1,1,1,
2,2,2,1,3,2,2,2,1,1,2,1,2,2,2,2,1,3,2,1,3,1,1,2,2,2,1,1,1,1,
1,1,2,2,4,2,2,2,1,2,1,7,2,2,1,1,2,2,1,1,3,1,1,2,2,4,1,1,1,1,
1,2,1,2,2,1,2,2,1,2,4,3,1,1,3,2,4,1,1,1,2,2,1,1,2,4,1,2,1,1,
1,2,2,2,2,2,4,1,2,1,2,2,1,2,3,1,2,1,1,1,2,4,1,2,3,2,1,2,1,1,
1,1,1,2,3,1,3,1,2,2,2,1,1,2,2,1,1,1,1,2,3,2,1,2,3,2,1,1,1,1,
1,2,2,2,2,2,3,1,2,2,2,2,2,2,2,2,1,2,1,6,6,1,2,2,2,2,11,2,2,1,
1,2,1,1,1,1,1,2,1,1,1,1,2,3,2,2,1,2,2,1,5,1,2,2,2,2,2,2,2,5,
3,2,1,2,2,1,2,4,1,2,2,2,2,1,2,2,2,2,1,1,2,1,1,2,4,2,2,1,1,3,
4,2,2,1,2,1,2,3,1,2,1,2,2,1,2,2,2,2,2,2,4,1,1,5,2,2,1,2,2,2,
3,2,1,1,2,2,2,2,1,1,2,2,2,1,2,1,1,2,19,2,4,1,12,3,2,2,1,2,1,1,
2,1,4,1,2,2,3,1,1,2,1,2,2,2,3,1,2,2,1,1,3,1,3,3,2,1,1,1,1,1,
4,1,2,1,2,1,3,6,1,2,2,2,2,11,2,1,1,1,2,1,4,1,2,2,2,1,2,2,2,1,
2,1,2,1,2,1,2,3,1,2,2,1,1,2,1,2,1,1,2,1,3,1,1,2,2,1,2,1,2,1,
2,2,3,1,2,1,2,3,2,2,2,1,2,2,2,1,1,2,2,1,2,1,1,2,1,2,1,1,1,1,
1,2,2,1,2,2,1,2,2,2,2,5,2,2,1,2,11,2,2,1,1,1,2,1,1,2,1,1,2,1,
10,2,2,1,4,1,2,2,2,3,2,14,2,2,2,2,2,2,1,1,2,1,2,1,2,2,1,1,1,1,
2,2,1,3,5,2,2,2,2,2,2,3,1,1,2,2,1,2,1,2,2,2,2,1,2,2,1,1,1,1,
2,2,2,2,3,2,2,2,2,2,2,2,1,1,2,2,1,2,1,2,2,2,1,11,1,2,1,1,2,1,
2,2,2,2,2,3,2,8,2,2,2,3,2,2,2,2,1,2,1,1,2,2,1,2,1,2,1,1,1,1,
2,2,2,2,2,2,2,8,3,3,1,2,2,1,2,2,2,2,2,1,2,2,1,1,1,2,1,1,2,2,
2,2,2,2,2,1,1,6,2,2,1,2,2,2,2,2,1,2,2,2,2,1,1,1,1,1,1,1,2,2,
1,2,2,2,1,1,2,5,2,2,1,2,2,2,2,2,1,1,2,1,2,2,2,1,1,2,1,2,2,4,
1,2,3,2,2,2,2,2,2,2,2,2,2,2,2,2,12,2,2,2,2,2,2,2,2,2,2,2,2,2,
1,1,3,2,2,2,5,3,2,2,2,2,2,2,1,2,2,2,2,3,2,2,2,2,1,2,2,2,2,2,
2,2,4,2,2,2,5,5,2,2,11,2,2,2,2,2,1,3,2,2,4,1,2,1,1,2,2,1,3,1,
2,2,3,2,2,2,2,5,2,2,2,2,1,2,2,2,1,2,2,2,3,2,2,2,2,2,2,1,2,1,
2,2,2,1,2,2,2,4,2,4,2,2,1,2,2,2,1,2,2,2,3,2,2,1,2,2,2,18,2,2,
2,2,4,2,2,2,2,2,3,3,2,2,2,1,2,2,2,2,1,2,3,2,2,2,1,2,3,1,2,2,
2,2,2,2,2,2,2,3,2,3,3,2,2,2,2,2,2,2,2,2,4,2,2,2,2,2,2,2,2,2,
2,2,2,3,6,2,2,3,2,5,2,2,2,2,2,2,2,2,3,1,3,3,2,1,2,2,2,2,2,2,
2,2,10,2,3,1,2,2,1,2,2,2,2,2,2,1,2,2,2,2,2,3,1,1,2,2,2,2,2,2,
10,11,2,2,2,1,2,2,11,2,2,2,2,2,2,2,2,2,2,2,2,5,2,2,1,2,1,2,2,2,
3,2,2,2,2,2,1,3,2,2,2,2,2,2,2,2,2,2,2,2,2,2,2,2,1,2,2,2,2,2,
2,2,5,2,2,3,2,2,2,2,2,2,2,2,2,2,1,2,2,2,2,2,2,2,2,2,2,2,2,2,
3,2,2,2,2,3,2,2,2,2,2,2,2,2,2,2,1,2,2,2,2,2,2,2,2,4,2,2,2,5,
4,2,4,2,2,2,2,2,2,2,2,2,2,3,2,2,2,3,2,2,2,2,2,6,2,2,2,2,2,2,
3,2,4,2,2,2,2,2,2,2,2,2,2,3,2,2,3,3,2,2,2,2,2,2,2,2,6,2,52,2,
4,2,4,2,2,2,2,2,2,2,2,2,2,2,3,2,2,2,2,2,2,2,2,2,1,2,2,2,3,2,
2,2,2,2,2,2,2,2,2,9,2,2,2,2,2,2,2,2,2,2,2,2,2,2,2,2,2,2,2,2,
2,5,2,2,2,2,2,2,2,6,2,3,2,2,2,3,3,4,2,2,2,3,2,2,2,2,2,2,2,2,
2,2,2,2,4,2,2,2,2,7,2,2,2,2,2,2,2,3,2,2,2,5,3,2,3,2,2,2,2,2,
4,2,2,2,6,2,2,2,2,7,3,2,2,2,2,2,2,2,2,2,2,5,2,2,5,2,2,2,2,2,
2,2,2,2,4,4,2,2,2,6,2,2,2,2,2,2,2,2,2,2,2,12,2,2,3,2,2,2,2,2,
2,2,3,2,2,6,2,2,2,7,2,3,2,2,2,2,2,2,2,2,2,7,2,2,3,2,2,2,2,2,
2,2,4,2,2,9,2,2,2,7,3,2,2,2,2,2,2,2,2,2,2,5,2,2,4,2,2,2,2,2,
3,2,3,2,2,8,2,2,2,3,2,2,2,2,2,2,2,2,2,2,2,3,2,2,2,11,2,2,4,3,
6,2,2,3,2,8,2,3,2,2,2,2,2,2,2,2,2,2,2,2,2,4,2,2,3,3,2,2,2,4,
15,2,2,3,3,15,2,2,2,2,2,2,2,2,2,2,2,2,3,2,2,3,2,2,4,3,2,3,2,3,
5,3,2,2,2,6,2,2,2,12,4,3,2,2,6,2,2,2,2,2,2,2,2,2,3,2,2,2,3,3,
5,3,2,2,2,9,3,2,2,2,3,2,2,3,2,2,3,2,2,2,2,3,2,2,4,2,2,2,2,4,
6,3,2,2,2,12,4,2,2,10,2,2,2,2,2,14,2,2,2,2,3,2,2,2,3,2,2,2,2,3,
15,2,2,2,3,11,2,3,2,2,2,3,2,2,2,6,9,3,2,2,2,2,2,2,2,2,2,2,2,5,
4,2,2,2,3,10,2,2,14,2,2,2,2,2,2,5,8,2,2,2,2,2,2,2,2,2,2,2,2,3,
3,2,2,2,6,13,2,3,2,2,2,2,5,2,2,7,6,2,2,2,2,2,2,2,2,2,2,2,2,2,
4,2,2,2,4,7,2,3,3,2,2,5,4,5,2,3,3,2,2,2,2,5,2,4,2,2,2,2,2,2,
7,2,3,2,3,6,2,2,2,2,2,2,5,2,3,2,5,2,2,2,2,3,3,3,2,2,2,2,2,2,
3,2,4,2,2,9,2,2,2,2,2,2,7,2,2,2,4,2,2,2,2,2,2,2,2,2,2,2,2,3,
3,2,2,2,3,6,2,3,2,2,2,2,6,2,2,2,6,3,2,3,2,3,3,3,2,3,2,2,3,19,
9,2,2,2,2,3,2,2,2,2,2,2,3,2,2,3,3,5,2,2,2,2,2,2,2,2,2,2,2,4,
39,2,2,3,2,3,2,2,2,2,7,2,8,2,2,6,5,3,3,2,2,2,2,3,10,3,2,2,2,2,
8,2,11,2,2,3,2,3,2,3,4,2,7,2,3,4,3,3,3,2,2,2,3,2,5,2,2,2,2,2,
9,10,2,12,2,58,3,2,2,2,4,2,5,2,2,7,5,3,5,2,2,4,12,13,4,2,2,2,2,2,
12,4,2,3,5,12,4,3,2,2,5,4,13,2,2,6,4,2,4,2,4,3,2,3,3,2,2,2,2,2,
47,2,2,3,5,6,2,2,2,2,4,3,3,2,2,6,3,3,3,2,3,3,2,2,2,2,2,2,2,2,
10,2,2,5,3,3,2,2,3,3,2,3,2,2,2,2,2,2,2,2,2,2,3,2,2,2,2,2,2,2,
13,2,2,2,5,5,2,2,3,3,2,2,2,3,2,2,2,2,2,2,2,3,2,2,2,2,3,2,2,2,
9,2,2,2,4,6,2,2,13,2,3,3,2,2,3,2,2,2,2,2,2,2,2,2,2,2,2,2,2,2,
9,2,4,2,3,9,2,2,5,2,3,2,2,2,2,2,2,3,2,2,2,2,2,2,2,2,2,2,2,4,
9,2,2,2,3,4,2,3,2,2,2,2,2,2,2,3,2,2,2,2,2,2,3,2,2,2,2,2,2,2,
10,2,2,2,3,9,2,2,2,2,2,3,7,2,3,2,2,3,3,3,2,2,3,3,2,2,3,2,2,3,
13,2,2,3,2,5,2,3,2,3,2,2,5,3,3,4,3,4,2,2,2,3,3,2,7,2,3,2,7,3,
91,2,2,2,2,3,2,2,2,3,2,2,3,3,3,2,3,3,2,2,2,3,2,2,6,2,2,2,2,3,
9,8,2,3,13,3,8,2,2,3,3,3,2,2,2,6,3,2,2,2,2,2,2,2,2,3,2,2,2,2,
10,6,2,3,6,6,3,2,2,2,2,4,3,3,2,4,2,2,2,2,3,19,2,3,2,2,2,2,2,2,
8,5,2,2,5,4,2,3,2,2,2,5,2,2,2,4,2,2,2,2,4,3,2,12,2,2,2,2,12,3,
6,6,3,3,7,3,2,3,5,2,2,3,2,2,2,4,2,2,2,2,2,2,3,3,3,2,13,2,2,2,
11,5,2,2,8,2,2,2,5,2,2,2,3,3,2,3,2,2,2,11,2,3,2,3,3,2,2,2,2,2,
9,3,5,2,7,3,2,3,5,3,2,3,4,2,2,2,2,2,2,2,2,3,2,2,3,2,3,2,2,2,
6,6,6,2,4,4,2,2,3,3,8,3,15,2,3,3,3,2,4,2,3,2,2,2,2,2,2,3,2,3,
16,5,3,2,5,6,2,3,3,2,3,2,7,2,17,3,2,2,5,2,2,2,2,2,2,8,3,2,2,3,
6,11,3,3,9,6,3,2,2,2,2,2,5,2,5,3,2,4,7,2,2,2,6,2,2,5,2,2,3,3,
7,11,3,8,6,6,2,2,3,6,2,2,5,4,8,5,3,4,6,2,2,3,4,3,3,5,2,2,8,3,
75,6,2,10,8,3,2,3,3,9,2,3,4,3,5,4,14,3,16,3,2,2,5,2,5,11,2,3,6,3,
6,4,2,5,8,4,8,3,3,11,5,5,3,3,4,2,4,2,3,8,2,2,7,2,13,6,3,3,6,3,
9,3,2,6,9,4,8,2,3,7,4,4,3,3,4,2,3,2,3,5,3,3,12,2,3,4,3,2,4,2,
8,2,5,4,14,3,6,4,6,9,2,3,3,2,3,2,3,2,7,7,3,3,8,2,2,3,3,2,4,3,
7,3,4,4,8,3,5,3,3,144,2,3,3,3,8,3,3,2,6,5,2,2,16,2,2,3,3,2,3,3,
18,2,4,3,8,2,5,4,3,4,4,3,3,3,6,2,3,2,13,4,2,3,6,3,2,7,2,2,9,2,
5,3,3,4,4,2,6,3,2,12,3,3,4,3,3,3,3,2,4,4,2,3,4,2,2,6,3,3,7,3,
10,4,3,8,3,2,6,3,3,7,3,3,3,2,3,3,2,2,3,4,2,3,4,2,3,2,2,7,6,4,
17,17,3,17,8,3,7,3,3,10,2,3,3,3,3,3,3,10,3,9,2,3,3,3,3,2,2,3,6,4,
5,4,3,5,8,2,7,3,2,6,12,3,2,3,3,2,2,11,3,5,2,2,3,2,3,2,2,4,7,3,
6,3,3,4,10,2,8,3,3,7,2,6,2,3,2,2,6,4,2,3,2,2,2,2,3,12,7,3,17,6,
4,3,3,2,7,2,5,3,8,9,6,3,3,3,13,3,4,7,3,3,2,2,5,2,3,5,16,4,3,5,
6,3,3,3,8,2,7,2,5,11,4,3,2,3,4,4,3,5,3,3,2,2,6,2,3,3,5,8,3,4,
22,3,3,2,8,3,6,3,2,7,3,3,2,3,3,4,3,4,4,3,3,2,5,5,3,2,7,6,3,4,
12,3,9,3,7,4,8,3,2,9,3,4,4,4,8,3,3,3,15,5,2,2,4,3,3,13,4,3,3,3,
6,3,4,3,18,4,11,3,2,7,2,4,8,3,3,3,3,16,3,4,3,3,4,2,2,5,7,12,3,13,
7,3,10,5,4,3,10,2,3,6,2,3,5,3,2,3,3,9,2,3,2,2,3,3,2,3,5,17,5,3,
6,16,4,8,3,2,15,3,2,6,3,3,4,3,2,3,3,7,2,4,2,11,3,3,2,3,5,10,13,3,
6,3,5,3,3,3,8,2,2,6,3,6,3,3,2,2,3,3,2,2,2,3,2,3,2,3,6,10,2,3,
16,3,8,2,8,3,9,3,2,14,3,5,3,3,3,4,3,3,2,2,3,3,2,3,3,3,5,11,3,3,
5,3,6,3,10,3,8,3,2,11,14,4,2,3,3,5,5,3,2,2,2,3,3,3,3,6,3,9,3,3,
13,2,5,3,19,3,10,3,10,8,3,4,3,3,3,4,3,3,2,6,2,3,3,3,4,5,2,8,2,2,
5,4,6,2,9,2,24,4,15,8,2,3,3,3,3,3,2,3,2,7,2,3,3,3,3,3,2,6,3,3,
7,3,4,3,7,3,12,3,7,7,6,3,3,3,3,3,2,3,5,13,3,3,3,3,2,7,3,7,3,3,
6,2,3,3,4,4,13,3,7,6,3,3,4,3,6,3,2,2,3,3,3,3,3,5,3,5,6,7,3,12,
6,3,3,6,3,3,20,3,4,5,3,4,3,2,4,3,2,3,2,3,3,3,3,4,3,3,5,8,3,2,
10,4,3,7,8,3,11,3,7,4,3,7,3,2,3,3,2,9,2,3,3,5,2,3,3,3,3,8,3,3,
10,3,5,3,5,3,9,3,4,7,2,3,3,3,3,2,2,6,2,3,2,4,2,3,3,3,5,5,3,4,
9,5,6,3,3,3,13,3,5,9,2,3,3,3,3,5,3,5,2,3,3,3,2,2,7,3,3,11,3,2,
17,3,6,2,3,4,12,3,7,10,4,3,3,3,2,3,3,4,2,2,3,3,2,2,5,6,3,8,2,2,
5,3,7,3,5,4,15,3,9,12,3,3,2,3,3,3,3,3,2,10,3,3,2,3,7,3,3,8,2,3,
13,3,5,3,7,4,15,3,6,7,3,3,3,3,3,3,3,3,2,8,2,3,3,3,5,3,3,8,3,3,
13,3,3,3,5,4,13,8,4,7,3,3,3,3,3,4,2,3,3,6,3,3,3,3,4,4,2,12,3,3,
8,3,3,3,10,3,12,7,4,7,3,9,3,9,3,4,3,2,6,3,3,3,5,3,4,5,3,9,3,3,
6,2,3,4,11,3,9,8,3,7,3,12,3,5,4,3,3,3,4,3,3,3,3,2,3,5,7,13,3,3,
4,4,3,3,8,3,8,6,3,8,3,8,3,8,3,3,3,4,4,3,3,3,3,3,3,4,3,12,3,3,
8,3,2,3,6,3,8,3,3,5,3,11,3,6,3,3,3,4,3,4,3,3,3,6,3,4,12,12,3,11,
15,3,3,3,10,3,4,4,3,8,3,5,3,7,3,3,3,3,3,4,3,3,3,8,3,4,4,11,3,11,
10,4,3,3,8,3,5,11,8,5,3,6,3,7,2,3,3,3,3,3,3,3,3,9,3,3,3,19,3,17,
11,3,3,3,7,3,7,9,11,4,3,18,3,10,3,3,5,3,3,3,3,3,3,8,3,5,3,11,3,8,
13,3,3,4,6,3,5,7,5,4,3,8,3,6,2,3,3,3,3,3,3,3,33,4,3,3,3,8,3,19,
10,3,3,3,8,3,4,7,3,4,4,6,3,3,3,4,3,3,3,3,3,3,4,7,3,4,3,9,3,9,
17,3,3,3,8,3,4,7,3,3,3,3,3,3,5,3,3,3,4,3,3,3,4,12,3,3,3,8,3,12,
12,3,4,5,3,3,13,5,3,3,3,3,3,3,3,3,3,11,3,3,3,4,4,21,2,3,4,5,3,8,
15,3,3,3,3,4,11,4,3,6,3,3,3,3,3,3,3,12,3,6,3,3,3,6,2,3,3,6,3,6,
23,3,3,3,4,5,10,4,3,9,3,4,3,6,3,3,3,10,3,7,3,3,3,9,3,3,5,4,3,6,
11,3,3,3,3,4,4,4,3,6,3,20,3,3,3,6,4,11,3,4,3,8,3,7,3,3,4,4,4,7,
9,4,3,3,3,3,20,7,3,5,3,7,5,4,3,3,3,9,3,5,3,6,3,6,3,4,3,3,3,7,
27,4,4,3,6,4,12,5,6,3,3,10,3,3,3,3,5,18,3,7,2,6,3,4,3,3,3,4,3,6,
9,4,3,3,5,3,7,5,4,3,4,5,3,3,3,13,4,9,3,6,3,5,3,10,3,3,3,6,4,4,
8,3,3,4,10,3,8,4,3,3,4,3,3,3,3,3,3,8,5,6,3,4,3,5,4,4,3,11,3,4,
12,3,3,3,7,3,7,4,3,3,4,3,3,3,5,3,3,7,21,6,7,5,3,4,3,4,3,10,3,7,
12,3,3,12,5,3,3,3,3,3,3,3,3,3,5,3,3,6,10,12,15,4,3,3,3,3,4,7,3,5,
7,3,3,4,3,5,3,3,3,5,3,3,3,3,5,4,3,5,7,10,7,5,3,3,3,3,4,5,3,4,
8,3,3,3,3,3,3,3,3,4,3,9,6,4,4,3,4,4,6,9,6,6,3,3,3,3,3,5,4,3,
17,3,3,3,3,3,3,6,4,4,3,8,3,6,3,3,4,3,15,7,4,8,3,3,4,3,3,5,4,4,
8,4,3,3,4,5,4,6,4,3,3,12,3,4,4,3,3,3,3,7,5,4,3,3,3,3,3,4,3,4,
7,3,4,3,6,4,3,3,4,3,4,7,3,4,7,4,4,3,5,5,8,4,3,3,3,4,3,4,5,4,
5,3,3,4,4,3,6,3,3,4,3,15,3,3,7,4,3,3,3,7,6,4,3,6,3,3,3,3,3,4,
9,3,3,4,10,3,5,3,3,3,3,6,3,3,12,3,3,7,5,10,3,3,3,4,4,5,3,4,3,3,
13,6,3,3,6,3,4,3,3,3,3,4,3,3,19,3,3,18,3,4,3,3,5,3,3,5,3,5,3,7,
18,4,3,3,5,3,3,3,3,4,3,3,4,21,8,3,3,7,3,4,7,11,4,3,3,4,4,8,3,4,
8,3,3,4,4,4,3,3,3,4,3,3,5,3,5,3,3,5,3,3,4,3,4,3,3,3,4,4,3,3,
12,3,4,4,4,8,3,6,4,3,3,23,3,7,5,3,3,4,4,6,4,20,3,3,4,3,3,4,4,4,
7,4,3,4,4,20,3,3,3,3,3,5,3,7,5,3,3,3,3,4,3,5,3,3,3,3,3,3,3,3,
4,4,4,3,4,8,7,3,16,3,7,3,3,4,8,3,3,3,6,3,4,3,3,3,3,3,3,3,3,3,
3,3,4,4,3,8,3,3,4,3,5,8,4,3,6,3,4,4,3,3,3,4,3,6,3,3,3,3,4,3,
9,3,4,3,4,5,3,3,3,3,4,5,3,3,4,4,3,4,3,3,3,3,3,4,3,3,3,3,4,3,
7,3,4,3,8,5,4,3,3,4,3,6,3,3,6,4,3,3,3,5,3,3,5,4,4,3,3,4,3,3,
7,3,4,12,4,17,3,3,13,3,3,11,3,3,5,3,3,5,3,5,3,3,4,3,3,3,7,6,3,8,
13,3,7,5,3,9,3,4,4,3,3,8,4,3,4,6,3,4,3,4,5,3,3,3,3,3,5,3,3,4,
15,3,4,4,4,11,3,15,3,5,3,4,4,5,4,3,3,3,3,3,4,7,3,3,3,3,3,3,3,4,
23,3,4,4,14,9,3,4,3,3,3,4,3,3,4,3,4,4,3,3,3,5,3,3,4,3,3,3,3,3,
13,4,3,3,10,4,3,3,3,3,4,11,3,3,3,3,3,4,6,4,4,5,3,3,3,3,3,3,3,4,
10,4,4,9,21,3,4,3,4,3,4,12,3,4,3,3,4,8,6,5,4,4,3,4,3,3,3,16,4,4,
13,5,4,13,9,3,3,12,3,3,3,4,4,4,3,3,3,3,12,5,3,3,3,6,4,3,3,4,3,3,
6,5,3,10,12,3,3,4,3,4,3,5,3,3,5,3,3,6,11,5,3,3,3,4,3,3,3,3,3,3,
26,3,4,9,6,8,4,4,3,3,3,5,3,3,3,5,3,4,9,4,3,3,8,4,3,7,9,4,3,5,
28,3,5,9,22,5,3,3,3,3,4,4,9,3,3,4,3,3,6,4,14,3,6,6,3,7,17,5,3,4,
13,3,5,6,10,3,3,4,4,4,3,4,12,5,3,3,3,5,6,4,4,8,5,7,4,22,8,3,3,4,
7,3,5,3,10,3,3,4,3,3,4,18,23,5,4,3,9,5,6,3,3,10,4,3,4,4,6,3,8,4,
10,4,3,4,8,3,4,4,3,4,10,4,16,3,4,3,19,5,5,4,5,8,3,14,3,4,6,3,6,3,
8,3,4,4,11,3,3,20,4,3,6,5,7,3,3,3,8,4,4,3,5,9,3,4,3,3,4,12,4,4,
14,5,4,4,8,3,4,4,3,3,3,5,21,3,3,13,10,4,5,4,4,6,3,5,3,3,4,3,4,3,
11,6,5,4,8,3,3,6,3,4,3,4,7,4,4,3,5,9,4,11,3,6,3,4,3,3,4,3,4,3,
13,4,4,4,9,15,4,4,5,14,3,4,9,3,3,9,3,19,4,8,3,8,5,4,3,9,4,4,4,4,
13,4,3,4,11,6,3,4,3,4,3,4,5,4,3,7,10,8,7,5,3,9,3,3,3,7,7,3,3,5,
9,3,4,3,11,4,3,4,3,24,3,4,4,4,3,8,8,7,7,4,5,8,3,3,3,4,5,5,3,4,
14,4,3,5,10,4,3,4,4,4,12,5,5,7,5,4,9,6,5,4,4,13,3,3,11,4,3,4,5,3,
15,4,3,4,14,3,3,4,4,3,13,4,5,5,4,4,8,5,3,3,4,8,3,4,11,4,3,4,5,3,
8,6,4,3,5,4,3,3,4,7,13,5,3,4,8,10,7,4,3,10,6,5,3,4,14,3,3,4,3,3,
16,4,3,3,5,3,5,3,4,4,13,4,3,5,5,12,7,4,4,8,4,6,3,4,12,3,3,3,3,3,
10,4,6,3,4,4,5,4,4,4,6,4,3,4,6,6,13,3,5,7,4,5,5,3,8,7,3,3,3,3,
20,3,4,4,5,7,4,4,4,13,9,4,3,3,5,3,9,4,4,13,3,9,5,3,10,5,24,3,3,6,
15,4,4,3,4,4,4,3,4,4,11,4,3,7,14,3,7,3,4,7,5,5,5,3,4,4,5,3,3,12,
16,3,4,3,4,3,3,4,4,5,18,6,3,8,8,3,21,4,3,4,5,4,5,4,5,4,3,4,3,7,
9,4,4,4,8,4,3,4,3,4,6,9,8,5,4,3,8,4,3,4,6,4,4,6,8,4,4,3,4,4,
8,6,4,4,6,4,3,4,4,4,5,7,8,4,3,3,4,3,3,4,4,11,3,4,7,3,3,4,5,4,
16,4,4,3,6,5,3,4,4,5,4,3,4,5,4,7,4,3,4,4,4,8,3,3,6,3,3,3,4,3,
14,4,15,4,14,4,7,5,7,3,5,3,3,6,4,10,3,5,4,4,3,7,4,4,5,12,4,7,4,3,
9,4,4,4,4,4,5,4,7,4,5,3,3,6,4,6,5,3,4,11,3,9,4,4,6,6,6,4,4,5,
10,3,5,3,4,9,3,4,8,4,4,3,3,9,4,3,13,3,3,20,3,7,4,3,4,3,8,3,3,5,
26,3,8,5,4,5,3,4,10,4,7,3,8,17,5,3,3,4,3,13,4,5,4,4,4,3,5,4,3,4,
11,4,4,11,9,3,4,7,5,4,5,5,7,8,18,3,4,4,3,10,6,5,4,5,5,3,4,4,3,4,
15,12,4,10,12,3,4,5,5,8,5,9,4,5,11,3,4,4,7,14,4,9,4,5,7,3,4,4,6,4,
13,12,4,10,11,13,4,4,7,7,4,6,3,4,20,4,15,4,5,8,4,9,4,4,4,3,4,3,5,4,
6,11,16,20,12,3,12,8,13,12,5,4,3,5,15,12,5,4,10,8,4,10,9,4,4,4,4,4,4,4,
10,22,6,13,11,6,8,7,11,7,4,4,4,12,10,6,3,4,21,5,12,14,11,4,4,11,4,3,3,4,
18,14,5,10,166,5,12,5,16,14,4,4,5,7,7,4,3,4,6,9,3,11,12,4,3,14,4,4,4,13,
16,8,5,8,13,4,16,13,6,10,5,4,15,6,9,3,4,3,8,7,3,13,7,4,4,8,9,13,3,8,
6,5,4,4,7,4,15,6,4,16,4,5,5,3,8,3,4,11,25,4,6,15,5,4,4,5,7,3,4,6,
8,7,4,4,5,4,16,5,4,7,4,8,4,4,8,4,4,8,12,4,4,14,8,3,12,6,9,3,12,5,
13,5,12,4,7,4,12,5,7,6,3,6,4,3,15,3,4,8,5,4,3,12,11,3,9,7,7,5,18,5,
14,12,13,4,4,5,6,4,5,5,4,6,5,3,7,6,4,6,3,4,3,7,3,3,6,7,8,17,10,5,
17,8,13,6,4,7,3,4,12,4,4,6,4,6,5,6,4,17,3,4,3,6,4,4,5,8,8,3,5,4,
10,5,8,12,14,6,14,4,6,6,5,5,4,5,4,3,3,7,4,6,3,4,19,4,5,4,12,4,7,9,
14,4,5,5,7,7,6,4,8,8,4,4,16,4,4,3,3,5,14,4,3,4,7,4,4,4,11,4,7,4,
11,4,7,4,4,6,11,4,16,7,4,4,6,5,5,3,4,5,4,4,5,5,15,4,4,4,10,4,8,4,
11,4,10,4,4,4,12,4,15,6,3,15,4,4,7,3,4,4,12,4,6,4,5,4,6,5,10,4,9,4,
14,5,6,4,4,4,11,6,9,5,5,11,4,4,4,4,4,4,7,4,4,4,7,4,7,4,14,12,6,4,
14,7,4,4,5,4,6,4,16,3,5,25,4,4,4,4,5,16,4,4,3,4,6,4,6,4,15,7,4,4,
8,4,4,10,6,4,4,3,23,4,4,24,4,4,4,8,4,20,4,5,4,4,5,4,5,11,16,7,4,6,
23,4,4,10,13,5,4,4,15,7,5,17,4,5,4,6,4,11,14,5,3,5,8,4,4,5,8,8,4,6,
11,4,9,8,7,4,4,4,20,6,5,10,15,4,4,4,4,6,3,13,4,5,4,4,4,4,4,9,18,4,
13,4,11,5,4,5,5,13,8,4,4,7,7,5,11,4,4,4,16,3,13,4,3,7,4,4,4,8,7,5,
22,4,7,5,5,4,11,5,4,4,4,7,4,4,6,4,4,4,9,4,8,6,4,4,4,4,4,9,13,4,
17,5,5,4,5,4,7,5,4,4,4,11,4,4,4,4,8,4,5,4,4,4,5,4,12,4,13,6,10,4,
17,13,4,4,11,4,6,4,6,4,4,8,4,4,4,4,5,58,4,4,4,4,4,4,5,4,7,4,6,5,
20,4,4,14,5,4,4,4,11,4,3,9,4,9,4,6,4,9,4,4,4,4,4,4,4,6,11,4,5,4,
8,4,4,9,4,4,4,4,7,9,4,5,4,10,4,5,4,6,4,4,4,4,6,4,4,5,6,5,7,4,
7,5,4,5,5,5,4,4,4,4,13,5,6,10,4,5,4,4,3,4,4,4,4,5,4,4,4,4,6,4,
21,5,6,4,4,4,5,5,5,4,4,17,5,9,29,5,4,5,7,5,4,9,4,5,5,4,4,9,9,4,
19,4,4,4,4,5,5,15,4,4,5,8,4,12,24,4,17,4,6,5,6,6,5,4,6,4,8,12,6,4,
18,6,4,4,10,5,5,33,4,5,4,8,4,10,18,4,7,4,4,5,4,4,4,4,10,4,10,8,4,23,
16,6,4,5,8,4,5,24,4,4,4,9,7,8,47,6,5,12,4,5,4,5,4,4,8,4,8,7,4,9,
15,6,5,9,7,4,5,10,13,4,4,5,5,5,20,10,5,8,4,4,4,4,4,4,7,15,8,5,4,11,
20,5,4,6,6,6,5,14,7,7,8,5,7,4,29,9,5,6,4,4,4,5,5,4,5,4,4,10,16,20,
60,5,5,12,5,5,22,22,5,5,10,5,4,4,22,6,4,5,4,4,10,7,4,14,6,4,5,13,6,17,
45,5,7,4,7,4,13,11,9,4,8,4,4,4,25,5,4,4,21,17,5,8,4,9,6,4,4,7,6,6,
12,5,4,4,9,5,12,9,4,4,9,12,4,4,26,5,4,4,6,5,5,6,5,9,7,4,4,7,14,11,
26,5,4,4,7,4,8,9,4,4,9,27,6,5,16,4,8,4,4,4,5,5,4,7,10,4,4,4,4,21,
20,6,4,10,5,12,8,7,4,4,9,18,5,4,14,16,4,8,3,4,4,4,4,18,5,4,4,4,4,7,
10,5,4,6,5,15,10,4,11,17,8,14,4,4,13,12,4,5,4,5,4,4,4,10,4,4,6,16,4,12,
15,4,4,6,4,4,17,15,7,9,10,18,5,4,11,11,4,4,4,4,13,5,8,9,4,4,5,6,4,5,
26,4,4,4,9,4,5,8,5,9,12,16,4,5,10,10,5,4,5,4,4,5,6,5,4,4,5,4,4,5,
28,8,6,4,7,5,6,6,5,7,10,36,4,5,19,7,5,16,8,9,5,5,8,4,8,4,4,4,4,7,
19,6,5,6,9,5,4,4,6,5,9,11,4,6,16,5,5,4,6,9,5,4,15,4,10,4,4,4,5,5,
39,5,5,6,5,5,21,4,7,15,12,8,5,5,42,7,8,4,4,8,4,4,8,33,22,4,4,4,4,4,
13,11,5,10,5,7,20,4,9,17,6,7,4,4,10,10,5,8,4,7,5,4,4,9,5,4,4,4,4,5,
19,8,5,7,5,5,8,4,14,6,6,8,4,4,7,10,4,6,4,6,4,4,4,8,4,4,5,18,4,7,
21,7,4,6,4,5,5,12,10,4,7,4,4,15,5,6,4,5,5,35,4,9,5,6,4,4,7,4,4,5,
9,4,5,5,12,5,9,5,6,4,7,12,5,4,5,9,4,8,6,7,10,5,6,5,10,4,9,4,4,6,
21,6,5,5,27,5,6,5,9,4,5,5,4,4,4,8,4,4,5,6,15,4,5,4,7,6,10,4,5,4,
21,6,4,6,13,4,4,6,6,4,5,4,4,4,10,8,6,4,4,6,11,4,5,4,7,5,8,4,5,4,
18,5,5,9,15,4,4,10,4,4,5,4,4,4,15,5,11,9,5,5,7,4,4,11,6,4,10,5,4,4,
17,6,4,9,16,15,5,20,5,7,17,7,4,4,24,8,7,10,5,5,7,4,4,10,5,5,21,14,5,12,
23,5,4,6,13,21,5,6,6,4,10,5,4,4,9,6,6,9,6,7,28,4,5,7,5,13,10,6,4,11,
27,4,4,7,8,16,4,7,5,4,14,5,5,4,4,6,4,7,5,6,9,8,5,6,4,4,8,4,12,8,
16,12,13,6,5,12,10,4,4,4,10,5,6,17,4,5,4,5,6,4,24,4,6,4,4,4,6,6,5,9,
13,7,7,10,6,7,6,5,4,4,12,4,4,4,5,20,5,5,6,4,8,4,5,4,4,8,4,5,5,6,
20,5,4,9,8,11,5,4,4,10,20,5,4,5,4,10,4,5,5,4,4,5,5,5,5,6,4,7,5,6,
16,7,5,7,7,7,24,5,6,14,16,7,4,5,6,7,5,7,5,4,5,5,5,7,4,6,11,13,4,12,
20,5,4,6,9,5,6,7,7,11,8,5,4,5,5,6,4,5,4,5,9,4,4,4,4,6,7,11,5,8,
15,5,5,4,6,5,4,6,5,9,6,5,5,4,4,5,4,5,8,9,5,4,4,5,5,5,5,17,5,8,
12,6,5,10,6,15,6,4,4,11,5,4,27,5,4,5,4,5,7,7,4,13,8,5,4,7,4,10,4,7,
20,5,4,6,6,9,5,5,5,5,15,15,25,5,5,5,4,4,21,4,8,18,4,4,4,6,4,6,4,5,
16,5,5,6,5,9,4,4,4,7,9,4,9,8,4,4,4,5,6,4,4,12,4,4,4,6,5,4,6,6,
9,6,4,5,5,5,10,5,6,9,6,4,10,6,4,4,4,25,5,4,4,5,5,8,5,5,5,5,5,12,
12,5,4,4,4,5,5,8,5,8,6,4,22,5,4,5,6,27,5,5,7,8,11,7,5,4,8,16,5,7,
10,4,7,5,9,4,5,6,7,5,10,4,9,4,10,4,6,13,5,4,12,17,8,5,4,4,4,7,5,5,
6,5,6,5,7,5,6,4,5,4,12,8,15,4,7,6,5,16,5,8,16,10,16,5,14,5,4,5,5,4,
13,4,5,14,4,8,5,4,5,7,12,6,7,7,4,10,5,15,5,6,10,5,11,4,22,5,4,4,5,4,
8,5,5,6,4,15,5,4,5,6,14,7,6,8,17,20,4,13,5,4,6,5,8,4,12,5,4,4,5,5,
19,5,5,6,6,9,5,5,8,8,14,5,20,6,16,21,13,7,5,4,9,5,6,5,12,5,5,6,14,5,
13,6,4,5,5,6,4,7,6,6,13,4,12,6,9,17,14,10,5,5,12,24,6,7,9,5,11,5,10,11,
12,5,6,4,5,12,5,4,6,6,9,5,24,5,16,9,10,5,13,4,9,14,5,4,11,4,7,7,6,5,
7,7,7,8,6,12,7,6,5,11,7,6,10,6,14,7,11,5,10,6,12,12,6,5,9,5,7,6,7,6,
76,5,5,7,4,10,5,5,4,7,8,5,5,17,12,5,14,4,8,5,13,10,10,4,4,6,5,5,7,4,
16,4,6,5,7,12,6,6,4,8,7,5,10,7,6,4,10,4,10,4,5,8,8,4,4,12,5,5,4,5,
16,4,6,7,6,13,5,5,5,6,15,4,13,5,6,5,9,5,6,5,10,11,6,7,6,7,6,4,5,6,
20,7,6,5,4,10,5,4,6,4,8,5,9,5,6,4,9,5,4,5,7,17,5,8,5,5,13,4,4,8,
18,5,7,5,4,7,4,5,5,5,6,4,5,4,8,9,6,5,6,5,7,12,4,6,6,5,11,4,5,6,
16,5,6,5,5,10,5,4,5,26,5,5,5,4,12,7,5,7,11,4,5,11,5,5,5,5,8,4,8,6,
19,5,6,21,6,7,5,4,5,14,6,7,5,4,11,5,6,6,23,5,7,6,13,5,4,11,9,4,10,5,
11,5,4,15,8,5,5,6,5,79,5,6,22,11,7,5,7,5,12,4,6,4,10,5,4,8,6,4,8,5,
10,4,5,9,6,5,5,4,5,12,5,5,6,9,5,9,5,5,15,4,6,7,7,5,4,7,7,4,7,5,
21,4,4,10,5,5,4,5,5,16,5,4,4,7,5,12,11,5,8,6,5,6,4,4,7,6,8,6,16,5,
27,7,16,8,5,5,4,6,4,6,24,5,4,12,8,11,7,5,12,5,5,5,4,5,6,6,10,5,6,6,
15,13,6,12,10,11,5,5,6,5,5,17,5,6,7,9,4,5,10,39,4,5,4,5,5,4,6,6,5,4,
20,14,4,10,8,7,6,4,5,12,5,5,5,21,5,7,7,5,5,23,8,4,22,5,6,17,4,5,21,4,
25,11,4,5,8,5,7,4,5,8,6,4,7,6,4,5,5,8,4,9,5,4,18,5,5,26,7,4,17,4,
17,10,6,4,6,5,6,6,5,8,5,5,6,5,5,10,5,10,7,9,7,5,13,5,5,12,6,4,11,4,
19,21,4,6,4,5,5,5,5,7,5,5,5,5,5,10,6,16,14,9,7,13,8,5,5,10,7,5,8,6,
17,11,25,4,5,6,5,6,6,17,6,4,4,4,15,8,5,20,20,5,5,8,8,5,14,8,6,5,11,5,
14,6,12,5,9,10,5,5,8,5,5,15,4,4,7,6,4,7,12,4,5,5,10,5,5,34,10,4,26,15,
12,5,11,6,6,10,6,6,7,10,5,21,6,8,5,7,8,22,20,6,4,4,15,5,4,9,17,5,10,6,
9,4,9,7,9,7,8,4,6,12,5,9,5,5,5,6,7,10,15,5,6,5,13,5,5,7,27,14,5,6,
14,14,14,6,8,6,7,6,35,11,5,10,6,5,4,8,6,7,24,5,6,10,8,6,4,4,19,4,6,6,
19,9,11,12,7,6,5,6,12,8,4,32,4,5,4,7,9,15,12,19,5,11,11,5,4,4,15,24,5,5,
24,5,10,9,6,6,5,5,17,8,5,9,5,4,11,5,6,10,7,19,4,14,6,5,6,5,22,8,26,5,
23,5,7,9,8,6,5,6,11,8,5,5,5,5,10,5,5,7,6,6,4,15,12,5,11,39,9,20,9,6,
19,5,6,15,9,8,5,5,17,11,5,6,6,10,7,5,6,7,10,6,5,7,12,5,8,9,5,10,5,5,
14,5,12,14,8,5,10,5,10,8,6,16,6,6,6,5,5,6,9,15,6,5,8,5,8,5,9,8,5,5,
24,16,11,14,7,6,8,5,6,6,5,6,6,5,5,5,6,4,15,5,7,8,6,12,6,4,13,11,5,13,
18,10,5,12,5,5,7,5,15,5,5,8,5,5,5,11,7,5,6,7,5,6,8,14,5,13,8,8,5,7,
21,5,5,12,5,5,6,5,9,10,6,5,5,5,6,8,6,6,6,12,5,6,7,7,6,5,7,5,5,11,
17,5,5,28,5,6,5,6,11,8,6,5,5,5,13,5,6,5,9,6,4,6,10,7,7,7,5,6,10,10,
15,5,5,14,9,10,7,5,8,5,7,5,6,28,5,5,6,7,11,7,4,6,8,7,5,5,5,6,8,6,
19,20,17,13,5,7,9,15,5,5,7,6,6,12,5,5,5,10,10,5,5,5,5,5,4,5,13,11,6,5,
15,8,10,12,6,6,8,16,5,5,8,7,6,11,5,4,5,16,8,4,13,6,5,5,6,4,10,5,6,6,
17,6,10,11,5,10,6,14,24,6,8,5,6,17,8,11,6,12,5,7,19,6,5,6,5,5,8,5,13,5,
30,5,8,11,6,21,5,10,8,7,7,5,5,9,6,6,6,6,5,6,7,5,4,6,12,5,5,22,12,5,
15,15,6,13,5,12,5,13,7,5,6,5,6,8,7,7,5,10,5,6,5,6,5,5,5,10,5,6,6,6,
9,6,6,12,17,18,12,10,5,5,7,6,8,14,6,6,5,7,21,9,4,5,6,15,5,5,5,8,8,5,
15,6,10,12,12,14,19,6,6,5,7,5,5,8,8,5,5,4,14,5,7,18,16,27,4,5,18,5,7,5,
18,9,7,11,10,12,13,5,8,5,6,6,8,8,8,9,5,14,10,6,8,5,6,15,5,5,16,5,10,21,
17,6,5,11,5,9,19,19,24,15,5,8,5,9,12,8,14,10,9,6,6,5,6,19,5,4,11,5,8,19,
15,5,5,14,5,10,23,14,8,10,6,5,5,6,18,21,5,10,6,5,6,5,5,15,11,5,10,15,10,16,
15,5,5,21,23,9,17,8,5,8,5,6,6,10,11,6,6,9,9,5,4,5,13,14,9,6,8,5,8,10,
31,6,9,22,7,6,12,6,5,7,5,6,5,6,8,6,5,6,9,5,6,5,6,15,7,5,15,5,6,20,
19,15,7,14,7,13,10,5,5,7,13,7,5,5,10,8,5,5,5,6,5,7,5,12,5,5,9,5,6,11,
39,9,6,11,6,8,7,5,7,5,11,6,5,5,12,8,6,21,5,10,7,18,10,16,5,6,6,5,5,11,
15,8,6,15,5,10,12,16,7,7,12,6,5,5,9,7,5,12,5,6,7,5,7,13,6,5,5,6,14,19,
12,5,6,15,7,10,9,12,5,6,19,6,6,6,5,17,8,19,5,6,7,5,5,9,21,6,5,6,6,9,
18,5,5,21,6,6,12,6,5,5,10,5,7,8,9,6,5,10,9,6,5,5,6,13,5,18,16,6,5,5,
20,6,6,16,6,5,7,5,5,5,13,8,5,6,27,5,5,6,5,5,6,5,5,16,5,5,8,6,5,8,
19,8,14,17,6,27,6,5,5,5,6,5,15,5,31,7,6,5,5,7,7,7,6,20,5,5,11,15,5,6,
609,6,5,11,6,29,7,5,5,5,6,5,5,9,13,8,5,7,5,6,9,6,6,11,5,6,7,5,5,5,
20,5,6,6,6,14,6,9,8,6,5,5,5,7,12,5,10,7,5,6,6,6,15,7,8,15,17,8,5,8,
22,5,10,5,31,19,6,5,5,5,14,6,7,11,21,5,8,5,5,6,6,5,6,12,8,11,5,7,6,6,
19,6,9,6,31,19,10,6,5,6,10,5,6,9,9,5,16,10,7,5,6,6,6,11,5,13,5,7,5,5,
225,7,8,9,13,16,7,5,6,6,7,6,5,6,7,5,6,9,6,5,28,10,7,11,5,6,7,5,6,7,
17,7,5,7,17,11,5,5,5,5,5,5,6,7,6,9,6,7,5,13,28,9,5,11,6,6,6,5,6,6,
19,5,6,5,22,8,5,10,5,14,5,5,6,5,6,8,5,13,5,8,32,7,6,7,7,5,5,5,6,5,
56,5,5,5,13,9,7,6,9,6,9,7,15,6,8,6,13,11,5,5,14,8,6,5,9,5,5,10,8,8,
29,7,6,5,18,7,9,5,8,5,6,5,12,6,6,5,9,12,12,5,13,15,5,9,19,6,5,5,8,7,
30,7,5,5,14,5,17,5,7,6,6,6,17,5,6,6,7,9,6,5,6,24,6,21,16,5,5,5,5,11,
33,6,9,16,26,8,8,5,6,5,5,5,33,6,9,16,6,12,5,5,5,15,6,10,15,5,9,5,6,6,
28,7,7,10,12,6,14,6,12,5,5,5,19,5,7,8,9,14,5,11,10,11,5,7,15,7,5,5,6,5,
26,6,7,6,19,7,22,8,8,27,25,6,13,5,6,8,10,12,6,7,6,31,6,7,7,21,6,6,6,15,
25,7,6,6,12,6,26,7,5,17,12,6,8,5,6,5,7,8,7,5,13,13,6,6,13,7,5,22,7,7,
29,6,5,5,11,5,9,5,5,7,10,5,16,6,6,5,7,5,6,6,16,7,6,7,10,6,5,8,7,6,
31,5,6,12,11,7,16,5,5,7,7,5,27,26,7,5,5,5,5,6,6,6,9,14,13,5,12,6,5,6,
22,5,6,10,9,16,7,17,5,5,7,5,11,12,7,18,23,5,5,15,14,5,6,10,6,6,7,5,5,6,
52,6,7,9,13,8,8,10,12,16,8,6,6,9,5,12,20,16,6,7,10,5,6,5,6,6,5,11,5,6,
20,5,6,6,12,7,5,5,8,8,6,5,7,5,6,9,15,11,6,7,12,16,5,6,6,6,5,10,7,6,
18,13,6,6,7,6,17,7,6,6,6,5,14,6,5,17,12,9,7,6,11,11,5,5,6,6,6,7,7,8,
18,10,6,27,26,6,7,11,6,5,5,7,18,5,14,8,37,6,5,6,5,8,6,12,27,6,6,6,7,8,
25,5,12,31,9,6,6,28,7,5,6,5,10,5,16,5,15,6,5,7,7,8,7,11,21,6,13,5,5,8,
33,24,7,27,14,11,6,5,12,6,10,6,5,11,17,13,16,12,5,27,7,6,5,9,16,15,10,8,6,5,
32,9,7,13,11,8,5,5,8,16,6,6,5,6,25,10,15,8,15,8,7,12,6,17,32,11,7,17,6,5,
15,9,6,20,14,6,8,8,6,15,5,6,8,8,28,16,14,5,22,7,5,10,5,7,12,9,7,5,7,5,
19,8,6,16,17,5,22,8,7,15,14,6,8,7,11,19,24,18,17,6,5,9,5,6,21,6,6,6,7,14,
26,7,5,8,34,5,10,8,5,18,6,9,6,7,6,9,11,5,12,15,6,7,13,8,25,7,22,5,6,11,
18,8,6,5,26,14,6,7,8,15,32,6,5,8,5,12,6,5,14,13,7,6,9,6,8,8,12,11,5,7,
19,6,9,6,8,8,5,7,10,6,5,6,5,7,14,6,9,9,6,14,9,6,8,5,10,5,8,12,6,7,
17,20,8,8,6,7,107,8,7,12,5,5,28,7,11,9,7,6,28,14,8,8,7,5,12,5,5,12,6,6,
57,19,6,17,8,6,10,6,7,7,5,19,14,7,5,6,7,6,26,14,6,8,6,5,8,6,5,12,7,14,
16,18,5,17,16,6,10,7,6,16,6,13,10,6,5,6,7,5,8,13,6,7,22,7,13,6,7,11,35,9,
18,46,7,11,13,7,5,6,6,8,17,21,9,5,5,16,5,16,7,11,6,7,12,5,5,5,7,12,17,6,
19,20,17,15,10,10,6,6,9,5,6,12,6,7,6,6,6,16,7,16,9,10,8,5,7,36,5,10,11,5,
31,20,11,10,7,6,5,17,8,5,5,25,17,18,15,6,6,13,19,19,8,24,7,5,9,20,5,6,21,5,
11,13,7,17,7,6,11,17,7,5,6,15,11,26,10,5,5,33,10,13,6,11,6,6,16,17,6,5,17,6,
8,10,5,11,13,6,10,10,6,16,6,11,6,6,5,6,9,23,6,18,6,7,12,6,9,17,18,6,11,9,
8,6,26,6,8,20,6,11,21,15,7,8,5,5,5,5,7,16,8,30,5,6,29,7,5,12,20,5,10,6,
20,6,23,15,8,7,6,18,25,8,6,12,6,7,5,7,6,7,7,17,12,6,11,6,7,6,13,25,8,6,
18,13,11,6,7,6,6,15,14,5,5,36,10,8,13,35,10,6,6,15,6,6,19,6,10,5,16,12,16,5,
15,11,10,7,8,6,9,54,35,6,6,10,6,7,6,9,7,5,9,14,5,7,24,7,18,5,28,10,11,6,
16,8,22,5,24,6,7,13,16,21,6,8,5,6,6,11,7,6,6,11,5,6,38,6,8,12,16,18,8,7,
27,7,12,6,17,16,6,23,25,8,7,27,7,6,8,5,6,15,7,18,6,5,12,7,7,12,8,11,7,6,
19,6,9,8,12,7,6,10,17,6,5,10,6,10,7,7,7,8,6,12,6,11,8,6,6,7,6,10,7,6,
16,14,6,7,16,15,9,6,23,5,6,6,9,36,14,9,5,6,6,18,13,8,6,5,15,6,7,6,9,5,
11,9,5,9,15,6,14,8,21,6,6,16,6,21,10,7,5,7,7,14,11,11,17,5,13,6,6,6,6,7,
18,6,14,9,8,19,11,13,12,11,7,14,5,12,8,7,6,9,6,20,11,9,15,6,9,10,6,25,5,10,
7,6,10,7,6,9,7,22,13,8,9,15,7,15,7,5,7,14,22,9,10,8,17,6,8,8,7,9,5,9,
54,6,6,7,6,9,6,13,7,6,19,14,7,18,6,8,7,7,10,19,22,7,6,6,8,6,6,12,5,7,
13,5,6,7,6,8,9,15,19,5,22,8,9,11,12,7,7,6,8,12,10,6,5,7,12,5,7,7,13,6,
13,12,6,7,39,12,14,32,6,6,12,7,6,6,7,20,6,5,7,13,6,7,7,5,21,6,5,18,8,7,
10,9,13,9,7,17,9,12,8,16,16,7,6,8,5,16,17,7,5,10,6,6,12,6,6,13,6,7,6,6,
9,6,10,8,6,16,7,7,11,8,14,8,6,7,6,15,7,6,7,9,17,6,7,7,6,12,8,6,6,8,
14,5,8,8,6,13,16,6,9,6,50,16,8,38,6,7,6,7,6,7,27,9,7,8,6,10,5,10,6,6,
15,5,7,8,9,12,22,15,9,6,18,6,11,10,11,15,6,7,5,12,9,8,7,8,6,11,7,9,6,6,
10,10,7,6,25,6,29,13,7,8,14,7,6,6,7,14,5,8,7,9,6,13,6,7,12,26,5,8,18,24,
8,6,7,10,11,26,14,10,11,7,23,11,6,6,6,7,6,7,6,10,6,9,6,19,6,13,6,6,7,202,
6,15,8,15,13,11,15,9,8,7,19,11,7,9,7,6,6,7,6,9,6,9,7,17,6,12,7,6,5,11,
17,7,6,9,26,10,17,16,6,6,12,6,6,10,13,7,10,8,6,8,17,9,5,17,7,12,22,8,6,13,
13,10,6,6,25,9,13,11,12,7,18,11,8,6,20,33,7,6,6,10,7,8,5,22,8,9,15,11,7,34,
8,10,6,5,40,10,22,10,9,6,22,17,7,6,11,11,6,9,8,17,7,7,8,14,8,7,5,8,14,31,
8,7,8,9,19,16,13,10,25,7,17,13,9,6,5,9,5,16,16,14,6,17,7,7,6,9,6,6,8,9,
6,6,9,7,18,16,14,8,15,9,15,10,7,6,6,7,6,7,10,8,5,14,11,18,6,6,8,6,8,6,
6,6,6,7,15,12,12,8,12,8,22,14,8,9,7,16,12,13,9,8,10,13,8,9,6,6,15,7,7,7,
15,6,6,6,8,43,7,18,7,103,23,18,10,7,11,14,6,8,6,10,9,9,9,14,7,11,11,8,11,7,
11,10,6,7,6,27,6,12,13,8,15,16,9,6,9,9,16,11,8,8,6,23,10,10,10,9,10,6,12,9,
7,8,7,10,10,13,12,32,14,9,16,15,26,6,8,7,6,9,20,7,5,14,6,6,8,17,7,6,8,8,
6,7,15,13,16,6,15,10,11,8,15,39,12,6,8,6,6,6,9,7,6,15,18,19,7,8,8,6,10,10,
17,5,8,10,15,6,12,6,11,6,13,21,15,8,9,7,14,12,8,8,20,9,8,8,7,6,20,10,9,9,
11,6,7,6,11,8,7,11,8,7,19,24,7,8,7,12,12,11,7,9,19,6,8,8,7,8,6,17,12,10,
8,11,7,11,6,21,8,7,11,6,11,31,19,7,8,7,9,11,9,11,14,17,11,8,8,7,6,15,10,11,
6,7,9,8,14,8,8,6,14,8,11,16,23,6,7,6,7,9,15,13,21,9,19,13,8,19,6,26,7,6,
6,6,28,10,11,6,6,6,10,8,20,27,92,8,7,6,6,8,13,7,11,12,14,15,6,6,19,11,6,8,
17,11,7,11,17,7,10,6,7,7,17,19,28,10,20,21,24,6,14,7,27,6,13,10,5,7,10,9,8,16,
23,16,6,11,11,10,11,6,14,6,10,13,21,6,16,14,29,10,12,26,13,7,13,6,9,8,6,11,7,6,
8,15,7,11,11,19,13,7,13,6,31,10,11,6,25,9,19,10,11,13,9,6,10,6,10,7,6,20,7,7,
6,14,7,9,9,14,13,6,18,6,25,6,6,6,9,6,17,21,12,12,16,21,18,6,6,8,6,11,7,7,
6,10,8,8,9,8,17,6,18,7,21,6,26,7,18,22,15,15,12,10,13,19,11,20,7,15,12,6,8,11,
23,11,6,7,9,10,12,6,22,20,15,6,18,8,7,29,12,27,8,7,7,22,18,6,8,6,9,6,7,10,
12,16,6,7,6,9,8,10,14,11,12,16,13,6,7,22,9,8,7,25,7,19,19,6,7,7,7,6,18,10,
11,9,11,8,10,10,22,10,13,12,9,11,38,6,6,21,8,10,16,15,8,17,13,6,14,7,6,22,16,12,
9,18,14,41,7,7,6,10,11,16,13,9,20,11,6,15,25,9,11,13,7,16,7,7,13,16,6,14,12,7,
38,13,17,13,12,6,7,9,8,76,7,8,29,8,21,13,17,6,9,34,10,12,6,16,7,6,14,17,11,8,
14,10,16,24,12,8,16,12,22,27,6,18,17,8,18,6,37,7,9,12,8,10,25,14,74,31,15,32,11,6,
7,10,10,21,14,7,18,23,20,142,6,30,26,7,27,12,32,11,8,15,8,9,20,12,19,10,12,20,27,6,
6,14,9,15,19,12,30,16,20,24,7,18,40,6,50,18,20,20,24,16,9,18,21,12,17,10,7,19,17,8,
6,35,13,11,7,15,27,13,15,31,9,12,13,9,21,27,11,30,28,19,11,12,18,18,16,16,10,17,20,6,
82,18,9,18,15,20,23,13,16,15,6,12,10,10,23,20,6,14,19,24,16,11,14,32,24,11,21,16,14,16,
17,24,9,21,11,15,14,20,20,21,6,6,13,22,39,18,18,34,20,19,8,6,20,23,18,43,22,14,18,22,
11,35,7,10,6,13,29,18,26,18,6,7,13,6,31,17,13,15,11,25,11,20,26,24,28,16,53,11,12,18,
28,10,6,7,6,13,17,11,21,18,8,7,10,21,32,15,32,17,12,16,11,17,20,16,24,30,31,10,27,14,
15,20,8,7,18,7,12,16,54,18,13,16,15,12,32,11,20,23,21,20,9,17,32,40,24,34,24,9,31,13,
16,17,8,7,7,14,16,16,36,20,12,8,12,33,17,18,26,61,19,25,21,24,19,21,25,18,15,20,27,21,
13,23,10,14,10,7,17,17,20,14,10,6,12,24,20,14,13,25,16,33,14,34,25,31,19,12,10,25,14,10,
8,8,6,11,9,6,20,15,35,10,9,8,7,13,20,14,22,28,12,11,10,14,15,17,18,9,18,13,20,25,
7,7,9,7,7,8,13,8,12,13,19,30,6,25,14,17,18,22,18,7,8,14,20,19,12,18,14,28,18,22,
10,14,8,6,8,12,12,13,10,14,6,10,6,15,14,11,24,38,17,17,19,13,18,15,21,38,14,24,12,14,
6,14,27,8,9,9,10,13,10,6,6,6,7,24,15,29,11,29,11,15,7,17,14,11,15,26,13,7,21,18,
6,12,18,16,8,7,12,10,16,6,6,6,9,28,28,24,25,15,8,8,15,15,16,11,26,21,11,6,9,19,
10,18,16,8,8,8,13,8,17,6,6,8,7,12,17,22,10,10,13,7,19,9,11,8,18,15,37,15,7,27,
26,26,18,7,8,8,11,6,13,6,8,12,6,23,35,21,27,24,11,8,19,9,23,20,16,36,15,13,14,30,
10,20,11,7,9,10,10,9,13,17,6,10,10,29,21,19,16,15,7,8,17,15,16,12,12,12,26,13,9,16,
11,12,22,11,11,8,16,9,10,9,10,7,9,24,28,26,14,14,7,9,14,20,18,11,7,19,15,11,6,31,
8,7,22,8,7,7,13,18,8,7,24,7,9,16,22,17,7,8,7,6,12,23,14,12,6,11,14,6,6,15,
7,7,13,7,6,9,9,16,14,6,26,24,9,17,29,7,8,8,8,6,10,11,11,15,7,10,8,7,6,11,
8,9,11,6,7,15,7,12,11,13,20,6,18,8,22,7,6,13,11,21,23,6,10,10,10,8,8,7,14,9,
17,18,7,8,9,11,6,28,14,8,21,6,15,20,15,12,10,11,8,8,14,18,8,7,9,7,15,10,11,15,
15,11,29,9,11,10,67,17,10,7,21,7,10,10,11,7,9,8,7,10,12,14,13,7,8,14,6,8,9,9,
11,7,15,8,7,7,16,13,10,6,15,7,6,10,25,8,7,6,12,8,12,7,6,7,7,7,10,11,8,8,
6,7,14,7,6,9,13,17,9,9,20,7,7,7,19,10,15,6,10,6,20,8,7,8,9,6,8,8,12,6,
8,17,10,7,16,10,22,14,7,9,29,7,7,23,14,6,6,16,13,11,12,7,6,7,11,6,9,7,7,7,
6,10,19,8,15,9,18,14,9,8,15,7,8,11,19,13,23,10,10,11,14,7,6,6,9,6,6,9,17,41,
11,6,11,8,12,12,17,13,7,7,13,7,7,17,17,7,11,6,10,11,12,11,10,17,8,11,6,6,6,19,
8,8,7,7,7,30,14,8,15,13,18,8,7,11,18,7,9,6,9,9,7,11,17,31,7,6,9,8,8,13,
8,18,6,6,6,16,18,9,17,17,13,7,9,7,13,6,6,8,8,12,24,9,8,23,12,6,8,7,10,28,
10,10,6,7,111,8,20,21,15,11,19,11,8,10,7,9,6,12,7,10,19,19,11,21,10,6,9,8,7,30,
10,7,27,7,26,7,14,17,13,7,17,8,9,9,18,24,8,8,7,11,13,13,12,15,7,12,8,13,6,20,
8,7,13,12,20,22,12,13,10,10,11,19,6,7,12,7,10,6,22,9,8,10,14,7,6,8,6,13,7,12,
7,7,10,10,14,11,16,16,8,8,8,9,11,7,7,7,9,14,16,8,15,8,9,18,19,7,9,10,10,10,
9,13,21,9,20,9,10,10,12,15,16,14,12,8,6,7,6,20,16,8,6,10,8,34,10,6,6,11,9,10,
14,7,15,7,15,8,17,11,14,10,12,13,15,14,6,42,7,14,20,6,6,9,7,7,7,6,14,10,7,17,
8,7,18,8,10,9,25,8,11,16,11,10,10,12,12,11,9,6,17,8,7,8,11,6,6,15,29,10,6,12,
17,7,16,8,13,33,22,8,9,27,8,10,7,11,9,6,9,9,26,8,6,9,8,10,8,12,15,9,9,13,
6,43,12,7,20,24,12,8,12,14,10,10,20,8,6,6,8,10,10,8,16,8,6,14,18,9,15,8,12,9,
9,13,16,9,24,33,12,9,11,9,7,8,15,21,16,8,9,12,7,6,27,9,7,10,12,8,20,8,9,11,
10,8,15,8,12,18,24,7,13,18,7,7,16,15,8,14,10,7,7,6,12,6,6,7,10,9,11,11,7,7,
7,15,10,10,18,14,16,8,7,22,6,8,13,10,11,9,11,6,7,7,18,7,8,7,8,10,7,9,7,8,
7,18,8,11,19,8,9,8,10,28,11,14,10,6,8,12,19,9,16,7,21,9,7,13,8,8,9,8,22,18,
7,16,7,7,13,12,12,10,10,29,14,14,20,7,7,14,7,9,10,9,13,11,8,7,16,6,27,8,18,15,
14,13,20,6,7,29,11,8,7,34,12,9,26,12,7,16,14,8,10,7,7,11,7,7,16,8,11,11,31,7,
9,28,23,9,10,17,14,17,7,10,9,14,20,8,7,14,10,7,7,7,8,8,7,7,12,8,7,8,8,7,
7,22,18,9,27,12,8,8,7,7,13,14,38,7,19,8,7,18,8,7,21,9,9,11,17,8,7,7,8,8,
7,20,19,7,19,10,16,8,8,12,17,8,13,7,6,7,7,16,7,12,9,9,7,17,48,6,9,7,7,10,
12,13,19,9,12,17,11,10,10,12,15,9,7,17,6,27,6,9,11,27,7,25,8,18,18,14,13,11,8,9,
11,12,16,20,13,18,12,11,9,7,14,10,7,11,16,19,31,7,10,6,9,28,8,14,18,36,11,10,7,9,
10,18,12,20,16,21,8,8,9,7,14,17,13,7,24,9,31,10,8,30,10,31,7,13,42,18,8,7,8,7,
8,24,7,29,7,13,10,11,18,11,14,23,15,20,16,25,21,19,9,14,15,24,8,14,23,14,8,24,8,7,
7,15,10,19,7,22,10,11,13,24,7,38,11,138,22,38,65,9,20,11,12,20,10,11,25,36,20,11,7,19,
23,16,11,19,11,16,8,8,7,24,8,16,11,10,19,12,21,7,14,9,39,43,8,7,39,24,17,12,9,7,
7,12,8,12,12,19,14,7,8,19,6,16,12,7,17,7,14,37,26,10,12,34,7,7,29,18,8,8,9,9,
7,15,7,14,9,12,21,7,17,18,18,8,20,10,8,44,11,27,20,18,16,25,19,15,17,11,6,7,10,7,
7,12,15,9,7,11,14,15,11,15,11,17,10,9,8,23,31,36,9,13,9,12,17,8,11,8,8,7,9,8,
17,39,12,7,11,9,24,8,8,26,8,8,12,13,8,9,19,19,8,11,7,17,12,7,10,11,10,11,9,8,
27,37,9,8,9,11,16,8,7,18,6,7,20,12,17,10,17,9,13,12,8,13,10,7,11,10,7,8,8,10,
21,44,8,36,9,7,12,7,12,12,15,8,8,20,15,8,17,12,16,40,7,14,9,8,21,11,7,7,29,15,
16,17,8,10,7,19,8,11,29,8,13,26,11,7,7,9,11,8,8,20,11,10,17,18,13,9,7,25,22,8,
25,19,8,9,15,9,14,9,26,9,11,20,8,7,8,11,7,29,9,17,10,9,14,13,7,11,12,23,18,18,
14,10,12,10,12,9,37,7,14,64,9,12,21,18,16,26,8,20,7,35,10,19,12,11,7,10,8,13,18,10,
15,10,11,11,11,9,20,8,21,16,17,11,13,12,16,9,16,30,21,17,7,16,8,9,11,8,8,34,15,7,
26,9,42,18,9,9,9,11,15,9,12,22,12,9,10,8,8,22,23,8,12,11,6,14,11,10,6,20,9,7,
14,8,16,12,7,10,11,9,20,10,8,19,9,7,16,9,8,11,11,8,17,8,41,9,7,17,17,15,9,7,
7,11,20,8,10,10,14,7,17,16,7,15,46,9,7,8,8,7,10,8,24,7,21,7,7,24,9,15,12,10,
12,12,19,14,8,10,9,7,15,11,21,19,16,10,14,18,9,21,18,26,14,16,21,8,20,24,7,15,47,8,
9,9,18,16,10,13,7,11,7,8,18,21,12,9,13,22,9,19,13,14,19,8,21,8,7,53,7,8,17,7,
20,7,14,12,15,9,8,16,7,8,20,12,9,7,14,17,9,12,11,8,14,10,14,10,12,18,7,7,10,7,
12,16,13,9,18,7,50,12,14,9,23,12,32,8,9,8,7,8,7,8,17,10,11,7,10,34,19,14,27,13,
13,26,13,12,26,15,20,8,12,9,14,17,14,10,23,23,15,8,8,11,9,17,10,7,11,29,21,9,10,8,
9,18,7,14,41,10,22,33,8,7,8,13,12,23,9,15,15,40,15,7,7,7,20,13,15,14,14,14,7,8,
11,12,18,15,18,9,15,25,8,8,8,11,11,30,8,29,9,12,14,7,9,7,14,33,12,14,26,8,7,8,
7,25,11,12,24,9,19,20,10,16,37,7,16,27,7,11,8,8,15,12,7,7,9,19,10,10,25,9,9,17,
12,15,15,12,19,8,11,15,16,13,13,19,17,15,8,17,8,21,12,15,21,7,9,14,9,15,32,7,13,9,
9,10,13,13,17,13,9,18,11,8,16,14,13,8,9,11,11,23,16,12,13,14,19,12,9,8,21,14,10,8,
25,8,11,9,20,9,7,8,7,7,15,10,10,7,14,9,21,15,9,9,10,7,15,10,10,7,17,10,9,7,
12,18,12,43,15,7,18,7,9,9,10,7,9,15,10,15,7,9,7,11,7,7,7,8,9,7,21,11,11,15,
13,16,13,16,12,7,14,19,29,11,7,17,11,8,12,11,9,8,7,9,16,8,7,7,9,13,21,10,11,13,
12,12,11,20,22,19,7,21,10,11,8,21,7,8,19,8,12,14,32,12,7,43,7,10,9,15,13,12,10,9,
13,12,10,11,22,27,7,16,8,9,23,16,7,8,18,7,7,8,8,9,19,14,13,8,8,9,8,20,9,7,
12,21,17,11,17,12,10,10,10,9,19,8,26,40,13,14,7,7,8,9,7,7,8,12,10,7,10,8,7,22,
16,16,14,9,32,13,12,7,15,7,7,17,13,11,10,16,8,8,8,8,13,7,7,9,7,9,11,8,16,26,
12,16,10,8,20,15,8,8,9,10,8,11,7,7,8,13,7,12,8,8,11,40,13,13,10,10,9,10,11,16,
17,8,8,9,32,8,7,13,12,7,10,8,7,7,17,11,10,13,20,8,10,11,16,29,9,7,8,9,8,21,
63,17,14,12,38,7,9,14,8,7,8,10,8,29,8,13,23,8,12,8,10,9,10,19,10,8,8,21,8,30,
14,13,11,12,24,18,14,8,20,9,7,15,11,16,7,15,13,8,10,7,16,10,7,31,9,7,7,17,16,34,
26,8,7,8,24,23,11,7,9,11,12,9,7,12,8,11,12,8,8,11,11,13,7,19,13,18,13,16,12,17,
16,8,7,10,15,18,12,14,15,7,13,12,32,9,14,11,17,13,10,8,10,19,26,36,21,12,9,24,10,15,
20,17,8,9,19,15,9,20,9,10,8,13,18,23,9,13,24,7,9,31,10,13,12,17,24,11,10,17,12,29,
11,12,21,12,20,18,10,15,8,8,8,19,27,9,8,8,19,21,12,15,20,7,7,8,10,9,36,8,51,18,
7,8,13,8,16,21,10,9,10,9,7,10,18,7,7,8,12,8,8,28,22,15,12,20,9,102,10,10,11,16,
7,7,8,7,22,16,11,16,19,8,10,7,18,7,14,8,9,14,10,10,16,10,7,15,7,8,7,21,8,13,
14,9,7,10,13,9,7,17,15,10,7,29,25,8,10,14,14,11,7,16,43,10,10,8,7,7,9,21,8,23,
13,10,9,11,66,27,10,10,16,7,13,15,23,12,7,7,14,10,9,11,13,9,7,7,9,7,12,13,8,9,
7,8,13,10,24,11,8,7,15,10,9,10,13,7,8,8,10,10,8,17,8,7,9,11,46,8,8,17,11,12,
7,8,13,9,20,9,15,28,12,8,9,26,9,7,8,7,12,12,8,12,10,26,9,21,8,11,12,14,8,11,
9,12,9,10,20,7,19,21,7,25,8,22,14,20,15,35,29,7,9,13,21,28,17,13,9,8,10,8,7,19,
11,17,9,10,12,9,16,25,12,16,22,24,13,19,14,32,33,8,12,8,15,51,7,8,9,26,8,7,9,16,
9,27,17,8,10,13,14,56,11,17,17,14,13,15,8,16,15,8,17,8,8,17,9,7,13,12,12,7,10,21,
18,11,11,7,9,9,17,19,10,26,17,7,11,11,38,57,62,8,9,17,8,16,13,10,11,16,25,9,8,12,
24,11,8,17,17,17,22,11,8,29,15,36,12,14,30,23,14,10,18,12,17,9,8,11,10,12,11,11,7,18,
14,12,7,30,10,11,29,7,9,22,29,15,11,14,20,16,11,8,19,20,9,16,9,7,9,12,8,10,14,14,
11,9,37,19,8,17,23,9,15,43,15,9,8,11,17,10,10,26,26,9,9,13,11,8,40,10,21,8,13,12,
11,19,9,34,14,10,17,30,10,17,15,7,9,10,18,49,24,38,19,19,9,22,24,9,29,11,14,7,8,9,
19,24,8,26,18,10,9,8,7,11,8,22,10,11,8,24,17,32,35,12,15,9,16,9,17,7,25,18,8,18,
15,40,15,20,13,8,11,7,8,40,14,30,11,11,7,18,13,25,15,7,9,11,17,9,22,7,8,14,8,12,
14,34,17,14,8,12,9,8,16,19,9,18,8,8,15,15,25,21,18,7,12,7,25,8,17,10,9,11,19,8,
20,17,16,23,13,9,11,12,12,16,13,27,8,7,20,37,16,16,21,22,13,12,13,18,15,13,13,11,9,8,
42,20,12,17,21,9,10,8,8,12,15,20,18,10,9,14,10,15,18,19,16,10,8,13,8,10,9,13,7,21,
15,23,18,11,12,9,14,10,26,14,8,18,24,11,9,9,9,14,14,15,9,10,10,12,19,10,8,7,36,14,
18,17,9,8,8,11,11,14,20,16,7,12,13,33,16,7,16,21,10,11,14,9,12,10,14,10,10,7,16,7,
20,26,66,15,21,8,12,13,40,14,27,12,27,13,17,15,9,23,25,34,15,10,8,13,11,18,13,8,21,9,
22,14,29,8,17,13,9,10,29,15,36,12,14,8,15,10,8,16,12,19,16,10,7,15,13,9,10,13,13,18,
12,31,28,8,16,13,7,8,18,14,27,8,8,11,10,7,7,24,8,13,9,27,12,10,25,8,8,12,18,9,
10,15,17,101,12,14,14,9,9,8,17,8,12,8,19,8,17,15,8,19,13,8,39,10,16,39,10,10,21,9,
28,30,25,15,11,11,14,13,12,8,14,9,14,12,18,10,11,27,16,10,13,7,27,16,15,37,38,18,16,20,
20,24,18,9,12,16,8,9,23,10,11,18,25,9,9,9,8,35,14,8,16,9,41,15,21,18,19,36,17,15,
15,30,27,17,9,11,11,9,16,13,16,12,8,9,10,7,9,17,11,9,12,12,26,9,21,22,19,40,11,9,
10,30,14,9,13,25,21,15,8,9,21,8,9,10,8,13,17,19,9,15,21,9,20,9,15,21,26,21,15,8,
32,15,47,11,10,23,28,30,11,30,8,18,13,33,11,25,9,15,20,9,8,8,14,26,12,15,14,38,9,9,
9,15,8,9,18,19,26,21,16,22,10,15,9,31,8,14,8,23,14,8,11,12,37,12,14,31,8,14,10,35,
23,64,9,8,12,31,20,26,13,19,12,12,8,26,10,12,18,16,10,10,8,15,14,8,18,9,27,11,9,9,
12,17,19,12,12,18,19,20,12,39,16,22,8,17,9,12,13,12,10,14,8,11,8,8,8,18,23,19,12,14,
19,9,15,12,9,14,16,39,11,15,12,14,14,19,11,12,8,16,20,11,28,9,7,34,8,18,20,16,8,9,
10,38,9,11,14,15,38,24,14,16,23,8,9,23,13,8,8,17,12,12,18,17,21,23,24,14,15,9,12,8,
8,26,12,8,9,17,14,23,8,17,17,8,11,29,19,21,10,34,8,11,27,8,16,9,14,12,64,9,8,10,
8,31,22,31,11,12,10,20,15,21,14,18,10,22,15,8,13,18,9,14,18,8,15,9,9,14,15,9,13,10,
16,22,15,13,10,27,9,13,23,14,12,10,12,18,10,12,23,24,20,8,10,8,10,12,10,14,8,11,13,8,
11,20,13,10,11,13,19,8,9,13,20,9,11,27,15,8,8,13,12,8,14,25,33,11,39,10,8,9,8,9,
9,9,11,14,9,15,13,18,23,20,12,8,11,20,8,11,9,24,8,12,10,17,21,9,16,8,16,9,9,11,
8,8,13,10,24,8,8,12,26,10,8,14,9,12,24,10,19,11,8,23,12,14,8,8,13,30,9,15,12,26,
33,9,24,15,16,14,11,13,25,8,8,9,11,9,16,13,11,8,14,11,12,11,11,8,12,15,17,12,12,18,
15,25,17,11,19,44,16,10,18,15,11,8,9,15,11,28,8,21,11,22,8,19,13,11,11,7,15,12,11,27,
11,15,25,12,31,40,10,15,19,19,8,9,11,16,8,24,10,24,8,11,18,16,10,9,14,7,20,11,9,23,
8,9,27,13,17,25,8,16,10,12,8,13,8,20,10,19,9,29,10,16,9,12,10,14,9,18,14,9,10,21,
15,8,14,10,33,36,25,11,23,8,11,9,10,17,14,10,10,19,30,12,21,19,14,23,9,14,12,13,13,15,
10,16,12,27,15,22,20,8,11,10,12,9,37,12,8,8,8,18,13,14,48,26,14,37,9,15,34,15,11,28,
9,26,34,11,18,31,14,13,11,12,16,20,28,9,7,11,10,18,9,9,33,33,33,31,9,14,17,11,11,20,
10,9,21,12,14,31,15,10,10,9,12,15,46,9,10,17,8,14,11,19,11,17,19,33,8,18,8,9,13,22,
22,11,17,9,13,16,15,8,19,10,14,12,31,14,12,16,10,13,13,10,9,13,18,15,9,8,12,13,13,19,
13,15,12,12,56,9,9,11,20,13,10,37,18,14,9,11,10,21,8,20,12,15,9,12,18,8,10,15,32,18,
17,12,8,10,24,8,9,14,19,8,10,33,34,10,8,25,9,13,8,10,23,18,13,9,11,16,12,11,11,16,
11,12,13,11,26,18,11,13,20,24,9,25,26,8,10,18,9,9,9,8,12,8,11,11,8,9,9,8,12,20,
13,10,15,13,21,10,12,11,17,49,13,20,19,17,23,27,11,9,17,11,13,53,12,8,10,8,22,11,18,11,
9,11,29,9,24,9,9,33,13,43,10,20,19,10,27,36,9,19,9,14,11,28,12,9,9,8,10,11,16,13,
8,9,17,8,13,10,12,16,8,38,10,13,19,8,21,28,52,14,12,10,8,19,13,8,11,15,12,11,12,12,
17,11,28,21,17,20,9,14,16,24,29,14,15,8,32,26,31,18,8,8,8,31,12,15,8,24,12,10,21,9,
28,11,16,14,9,13,11,10,21,26,11,19,14,24,31,21,37,9,11,10,12,17,12,12,10,9,10,13,13,20,
18,13,12,10,9,8,8,20,8,19,10,17,19,12,19,19,37,19,8,12,22,9,8,11,10,10,12,11,8,15,
34,12,10,8,24,12,15,16,8,19,9,16,10,23,23,15,16,53,31,10,12,8,13,8,10,25,9,8,9,10,
17,21,19,22,18,12,24,13,15,13,17,28,17,16,11,8,14,38,34,9,9,16,11,10,10,19,11,9,35,11,
24,28,13,18,14,9,14,19,9,15,17,11,15,9,8,17,13,25,19,10,15,13,14,12,27,32,9,15,10,17,
27,40,9,35,11,13,43,9,9,12,15,8,11,11,8,8,21,14,17,22,9,9,11,8,28,13,11,12,8,9,
33,24,8,21,20,20,29,8,19,17,15,10,23,14,24,8,8,10,17,19,8,8,16,9,30,9,9,9,8,9,
31,21,23,13,13,15,17,8,10,17,32,20,17,14,14,17,17,24,13,47,8,18,14,11,18,9,9,8,14,10,
23,17,24,9,9,9,20,17,8,14,25,16,11,9,8,10,10,27,16,26,19,9,14,13,22,21,19,14,9,13,
31,18,61,20,9,11,16,9,25,11,37,8,17,8,8,9,8,38,12,17,8,14,14,9,19,9,14,10,8,9,
24,15,24,21,33,15,19,8,37,35,25,11,24,16,22,31,19,23,11,14,8,14,13,8,9,17,22,8,8,8,
32,15,20,15,13,17,14,21,24,9,16,9,24,25,17,27,20,23,16,18,8,16,11,14,10,24,14,8,49,12,
23,15,32,18,9,22,11,11,20,8,28,12,33,9,28,16,14,22,16,30,16,12,15,9,21,39,9,17,22,23,
22,10,18,15,31,22,9,8,10,17,27,39,21,8,30,10,11,21,13,17,18,18,12,10,9,22,12,9,26,17,
20,9,19,11,16,23,27,33,8,9,60,14,12,11,15,21,27,18,29,21,8,13,9,10,9,14,11,8,22,13,
15,17,19,9,11,17,15,19,17,8,16,13,15,13,14,10,14,10,17,23,10,18,9,18,14,17,9,69,18,23,
18,12,19,18,12,13,12,10,22,8,30,10,18,9,22,25,9,14,19,9,14,11,13,17,20,17,8,56,11,17,
14,10,19,24,31,12,9,10,21,26,41,15,15,20,19,12,9,40,38,10,13,16,35,11,15,26,44,29,14,14,
15,13,9,17,20,9,21,40,20,16,17,16,22,36,11,17,14,14,39,21,10,14,19,16,14,39,22,44,10,25,
13,15,15,20,23,22,22,21,24,13,19,13,14,24,23,12,11,10,21,10,11,14,32,9,22,41,29,27,11,28,
17,12,16,20,24,18,23,26,19,16,10,28,16,28,24,9,13,12,16,9,15,12,26,9,15,22,50,22,69,17,
14,10,15,19,15,19,18,61,20,41,17,17,24,45,20,11,9,15,25,16,9,16,19,10,11,16,23,16,36,11,
9,19,16,21,31,16,30,16,18,9,23,17,13,17,25,12,24,14,9,23,9,13,14,12,50,18,15,25,20,12,
9,14,16,18,10,13,26,9,16,11,16,15,16,11,29,8,15,12,9,15,13,14,26,9,22,15,28,24,29,16,
10,11,10,20,26,14,20,15,17,17,14,9,14,11,11,8,9,12,9,9,10,24,16,10,18,14,15,18,21,12,
12,10,17,14,21,19,15,20,13,10,12,8,13,17,10,13,10,12,17,22,8,13,8,10,73,11,10,41,21,10,
9,23,10,21,17,11,18,19,13,11,15,22,10,11,16,14,11,9,10,14,10,14,28,11,18,17,17,27,16,10,
9,14,16,33,22,9,18,13,22,10,20,15,11,15,30,10,9,10,9,8,13,12,14,10,9,20,19,13,18,12,
15,18,9,24,17,16,15,14,10,14,10,18,9,9,10,23,9,13,8,10,9,12,8,12,9,19,16,12,10,9,
9,20,21,24,18,15,15,13,13,9,23,26,26,18,11,11,10,11,14,26,22,11,9,31,43,25,23,16,14,30,
17,17,25,21,38,13,9,10,11,17,15,14,51,14,8,10,12,12,9,15,21,14,17,27,15,13,32,13,13,32,
36,10,16,16,17,11,13,9,20,14,10,10,31,10,11,19,9,13,10,42,15,18,9,31,9,14,20,13,21,21,
21,13,11,21,11,35,10,12,12,21,9,30,24,9,13,21,10,9,20,16,11,13,9,21,8,9,11,12,21,10,
9,14,10,16,17,32,13,10,12,10,13,27,20,18,11,27,10,22,14,14,31,9,10,24,16,20,9,13,16,17,
10,10,12,13,18,25,14,12,14,9,9,55,12,15,8,24,12,10,9,14,23,15,13,19,9,19,24,10,17,14,
21,9,13,12,20,38,10,12,10,16,18,16,11,10,12,38,9,15,9,15,39,9,9,35,8,12,14,10,25,30,
14,12,10,10,49,23,11,13,15,15,18,26,28,13,13,33,13,13,12,10,49,8,10,22,14,24,8,23,15,25,
9,15,10,9,27,21,10,17,10,15,28,23,17,14,9,103,14,10,9,18,26,8,24,15,34,12,11,28,12,14,
26,12,15,12,48,24,16,13,12,15,16,10,15,12,20,39,9,8,10,11,16,21,11,23,9,9,13,52,12,9,
22,16,19,34,21,10,16,14,20,33,40,9,13,9,17,31,15,18,13,34,23,16,11,25,16,10,10,40,12,15,
19,18,18,19,26,10,20,11,13,43,18,20,28,12,8,60,12,9,14,30,18,12,11,25,19,31,10,33,11,21,
28,16,16,63,16,10,9,14,16,37,99,31,11,15,9,30,14,8,11,48,24,13,16,24,14,14,10,15,16,12,
17,17,28,26,15,19,18,11,12,29,26,10,24,12,11,10,25,12,16,21,35,57,11,15,9,15,13,12,13,18,
10,14,16,18,12,10,10,22,13,15,16,21,23,9,13,68,14,40,22,9,12,27,9,18,19,24,10,14,13,13,
9,18,12,23,15,9,11,14,16,18,19,21,17,23,23,28,19,34,25,13,15,17,10,10,16,19,16,11,11,13,
33,17,14,15,15,19,14,12,12,16,13,18,9,15,10,21,46,41,23,11,10,25,13,10,9,16,16,9,13,14,
14,15,15,18,13,11,18,13,9,9,18,14,9,9,44,27,41,20,19,14,12,20,9,24,34,18,9,12,13,15,
10,13,12,16,14,10,16,16,14,9,35,14,17,11,32,22,31,9,16,13,12,19,12,9,21,20,9,14,21,13,
38,19,10,23,10,13,13,14,39,22,25,9,10,45,21,16,32,15,32,12,14,20,10,15,23,19,11,11,20,9,
32,33,53,22,14,16,71,9,23,16,31,12,9,22,27,17,35,17,20,9,15,10,11,12,21,13,13,12,16,36,
18,44,22,45,11,11,13,31,34,13,26,14,18,34,19,19,13,10,36,12,12,9,12,16,11,27,10,12,13,16,
9,24,23,41,17,13,11,15,31,14,35,10,9,26,22,15,33,11,18,14,9,33,17,17,21,13,10,31,11,16,
24,25,23,23,20,23,9,10,62,15,23,20,9,22,22,12,17,17,35,11,17,20,19,14,18,9,14,18,15,19,
17,29,18,23,17,18,20,14,37,10,16,19,10,11,13,22,28,14,26,13,24,16,14,12,13,9,10,25,11,45,
56,22,26,21,15,15,14,20,24,10,10,11,35,19,18,15,17,14,20,15,10,12,24,15,20,12,12,27,9,20,
20,17,17,11,14,25,9,14,12,21,39,11,14,10,15,14,9,13,24,34,13,22,15,18,17,9,11,20,9,17,
37,17,11,10,10,12,25,10,35,14,16,10,9,9,10,14,9,14,48,28,14,14,14,26,16,8,13,14,26,40,
19,23,10,33,10,11,13,16,20,11,21,14,22,12,10,26,19,10,19,26,12,13,14,18,31,25,15,21,41,22,
16,14,23,18,14,15,9,11,24,22,19,12,17,23,35,9,15,10,13,22,9,14,14,15,22,33,13,9,42,17,
23,19,14,13,14,15,9,9,24,9,21,10,14,37,17,9,12,13,24,16,23,27,13,15,33,23,12,10,25,32,
19,11,9,15,13,10,25,19,18,9,15,13,23,11,33,24,22,9,19,25,42,50,16,12,21,21,14,45,20,14,
19,10,9,19,13,12,17,11,27,20,16,14,24,22,21,16,10,25,20,34,23,38,12,19,18,9,29,18,23,9,
20,20,20,16,17,14,9,10,18,12,17,9,18,19,23,14,10,23,19,20,21,21,29,17,15,13,31,15,20,38,
14,14,15,23,14,14,24,35,30,11,34,10,23,28,15,11,19,15,20,11,13,20,46,12,23,9,22,14,11,24,
20,11,9,19,10,19,21,25,16,14,30,21,34,21,16,17,17,18,25,14,10,12,24,17,11,13,24,17,20,17,
23,19,19,11,31,11,39,28,22,18,28,16,42,11,11,9,10,19,19,12,9,14,24,25,9,16,10,11,22,10,
14,24,16,10,20,13,23,20,37,9,27,15,17,26,17,11,34,13,18,11,17,17,35,13,19,13,51,13,14,26,
9,18,14,11,13,11,21,28,18,11,22,23,17,19,13,15,21,15,12,25,10,14,38,10,20,13,29,15,11,17,
21,16,13,17,33,21,10,25,18,18,10,16,10,12,14,10,14,12,40,18,8,13,15,25,11,12,11,9,16,18,
17,19,14,10,11,28,140,17,16,11,10,14,21,21,25,14,10,18,27,13,19,16,10,26,10,11,13,9,12,19,
10,14,11,12,10,12,12,25,18,14,21,17,44,24,26,17,23,15,14,34,24,13,22,20,27,22,25,30,25,11,
21,10,9,22,11,15,10,26,16,16,18,11,19,19,47,14,14,18,36,15,19,16,16,21,20,9,22,40,28,33,
19,14,20,12,32,12,12,32,18,11,13,10,23,29,24,10,9,14,17,10,9,13,9,27,15,18,14,17,15,21,
14,14,18,12,10,13,17,20,13,25,22,29,20,33,32,18,11,18,11,9,18,59,12,21,24,15,40,19,29,26,
13,11,15,17,12,37,10,16,30,17,15,23,15,27,32,17,22,20,10,32,10,10,16,31,17,15,19,10,19,27,
27,13,14,19,20,48,15,15,27,14,11,18,24,25,49,14,16,15,17,15,11,11,24,23,14,18,14,9,19,16,
11,17,13,25,13,25,18,16,23,16,17,28,33,24,17,38,17,16,13,11,18,13,28,10,26,14,39,28,16,16,
9,28,10,15,9,19,14,18,15,20,11,22,18,18,11,21,29,33,11,11,23,10,17,35,15,9,20,9,15,9,
21,27,29,11,62,11,13,18,11,13,12,32,14,17,41,37,11,13,13,23,22,12,28,54,10,13,17,9,18,13,
25,20,20,14,23,21,17,22,22,14,22,19,38,27,17,38,9,9,15,9,22,12,19,23,14,17,28,11,10,12,
35,29,27,14,35,19,12,17,14,13,14,10,12,15,24,19,12,16,10,13,19,13,17,22,23,22,20,15,12,13,
28,22,21,11,47,10,13,13,11,15,19,14,10,15,13,17,17,9,10,14,23,14,9,32,16,13,10,11,11,11,
15,22,20,15,22,55,10,9,23,43,11,20,19,12,23,29,12,9,15,14,20,13,10,23,31,18,9,18,13,13,
10,11,16,11,29,18,14,52,13,41,24,15,17,12,16,20,16,73,9,13,23,14,21,23,22,14,19,29,14,13,
13,12,20,19,18,10,37,15,13,43,14,50,15,16,30,17,16,20,10,15,19,31,10,15,13,28,12,13,15,10,
14,32,11,17,14,20,16,10,9,26,27,14,55,19,23,14,10,17,12,14,18,33,9,16,12,25,9,10,15,12,
11,19,15,18,11,19,24,23,30,18,38,9,20,12,15,24,9,11,16,10,18,41,9,17,10,15,24,29,17,18,
10,17,15,20,24,12,31,36,26,34,23,27,13,19,55,40,21,27,12,24,17,38,23,11,13,10,10,14,15,9,
12,13,10,18,16,10,16,11,18,26,22,28,25,17,26,29,14,48,43,17,12,20,15,13,33,19,9,22,12,9,
16,15,13,20,10,25,10,27,48,30,37,54,17,14,59,29,10,31,21,10,19,30,10,17,21,14,11,35,22,15,
13,27,43,70,13,15,14,18,33,39,22,14,15,34,22,24,31,58,98,12,21,23,23,13,33,10,29,19,17,19,
20,34,40,36,15,11,15,11,50,24,28,16,19,21,19,15,50,19,23,14,17,17,17,13,24,18,33,28,32,24,
17,30,44,29,20,19,12,10,20,30,48,9,10,14,17,15,22,19,39,12,16,11,14,9,22,10,11,31,27,23,
12,45,27,46,31,16,12,21,20,17,10,14,10,47,23,19,39,20,60,14,19,17,25,12,15,10,15,24,16,15,
46,31,23,18,23,15,12,14,51,14,18,26,17,16,13,13,24,9,19,11,17,13,16,19,41,9,9,22,22,12,
42,26,23,22,16,23,11,12,29,20,21,14,11,10,13,10,12,29,18,13,18,10,10,16,19,22,18,55,14,11,
43,22,18,46,24,23,15,32,20,10,17,14,10,29,14,33,14,23,25,36,12,16,13,17,18,15,22,23,10,22,
29,14,10,18,29,30,26,20,32,9,23,17,24,15,12,15,18,14,19,24,15,28,16,41,19,9,18,21,10,15,
29,21,23,10,19,22,16,14,26,23,19,12,15,10,14,9,21,12,13,49,10,14,11,16,22,29,20,10,49,10,
20,11,34,17,12,32,11,11,15,15,12,19,10,15,14,15,16,15,10,63,13,12,11,29,24,29,20,28,49,23,
11,10,21,12,18,19,22,17,16,10,12,15,11,17,16,19,10,10,42,20,14,23,11,13,24,31,17,17,20,13,
18,21,35,10,21,95,12,10,18,19,16,24,15,10,14,13,12,15,14,28,11,16,13,13,20,24,29,10,37,10,
13,15,37,39,30,22,19,11,16,10,14,42,10,37,10,17,14,12,11,16,11,14,10,12,19,16,28,15,23,9,
13,10,28,14,35,33,15,43,10,13,30,28,24,34,16,22,12,16,26,12,12,24,52,13,24,10,25,16,29,21,
16,12,22,10,93,23,30,19,38,21,18,23,15,53,16,34,15,17,19,22,11,18,22,14,17,37,28,15,40,14,
11,15,18,24,22,35,18,62,20,16,16,17,10,30,10,40,16,21,10,15,18,17,28,10,9,17,23,18,20,10,
11,10,14,12,28,17,27,19,22,24,13,28,44,33,9,23,16,14,11,10,27,18,47,15,16,16,41,17,17,32,
15,24,24,11,22,15,46,16,16,24,22,60,24,19,13,12,14,18,18,13,32,21,22,24,17,19,36,10,23,20,
11,26,11,11,44,19,25,37,19,19,16,54,31,26,16,10,21,15,11,16,25,17,16,29,14,20,11,9,17,27,
21,19,10,17,21,23,30,32,11,36,15,46,18,31,13,28,17,18,9,14,25,17,11,19,12,11,20,19,30,27,
14,18,10,14,21,20,20,31,11,18,19,26,20,18,15,22,15,17,40,34,22,24,26,26,24,15,18,18,31,20,
15,18,22,26,30,27,11,18,14,10,12,41,10,20,15,16,20,14,24,22,20,30,23,25,22,17,10,15,40,15,
25,11,11,29,21,80,26,18,14,15,10,20,15,25,13,14,10,13,17,17,16,33,16,22,15,10,15,35,37,31,
11,15,42,16,25,25,19,12,11,15,25,17,25,15,10,16,10,16,16,15,10,34,21,16,28,18,16,62,22,29,
14,11,22,24,24,32,20,12,23,11,21,31,19,35,28,10,23,17,20,22,40,33,18,13,21,23,13,23,15,49,
14,19,12,22,24,27,14,16,27,14,19,23,35,26,30,10,15,10,16,18,22,24,10,30,12,14,11,55,10,23,
11,19,32,21,28,22,19,12,20,19,20,24,20,16,19,40,12,19,21,14,11,21,21,22,10,14,18,17,11,16,
14,12,52,17,17,45,12,15,16,15,26,30,19,24,23,27,20,12,15,25,57,23,15,16,18,20,10,10,13,30,
14,15,22,18,47,22,22,17,21,60,15,21,37,21,20,35,15,10,12,15,24,38,20,48,10,16,12,13,19,19,
10,17,25,11,26,11,22,11,18,51,17,15,20,26,16,29,10,26,23,42,27,18,17,51,10,16,19,26,16,10,
11,14,50,20,12,28,19,16,16,56,17,18,27,18,15,25,17,36,10,34,23,18,15,24,24,11,10,19,38,16,
15,16,27,16,23,30,20,13,22,26,16,11,13,22,19,23,21,23,13,27,12,22,11,13,15,17,11,13,20,22,
11,24,32,18,23,32,23,14,49,25,19,9,15,14,10,18,15,56,10,20,20,31,21,11,10,36,25,20,15,15,
34,23,27,12,13,17,33,17,19,22,17,33,13,13,10,11,13,18,38,17,22,47,29,25,19,14,30,17,13,16,
26,20,28,28,10,11,12,13,20,18,24,17,12,20,20,14,18,15,16,24,11,19,16,20,12,12,14,15,16,19,
32,39,20,17,38,11,14,14,11,20,19,12,16,15,12,12,10,30,13,19,11,14,11,16,23,24,31,15,10,21,
21,21,11,26,13,20,17,18,10,15,48,19,15,10,12,24,15,17,11,16,26,12,19,34,24,16,25,19,10,14,
11,15,44,11,11,12,14,11,58,13,18,11,14,20,20,19,22,12,31,17,18,15,12,21,16,10,16,16,22,17,
41,20,49,15,20,11,11,14,15,25,19,10,15,10,11,14,11,40,29,12,16,41,16,18,11,26,44,29,16,18,
25,23,28,15,12,23,62,13,10,15,17,11,23,10,10,15,21,21,29,10,13,52,29,11,62,22,10,33,10,15,
16,10,47,12,10,12,40,32,35,10,22,14,15,22,69,12,29,22,37,12,19,21,22,14,30,18,10,17,34,13,
39,56,28,16,24,10,43,25,33,25,57,74,14,21,32,17,25,33,42,18,13,12,15,11,53,18,27,19,14,18,
20,24,23,51,18,23,24,12,60,17,20,27,16,43,28,27,34,23,24,13,10,26,29,12,22,11,18,17,12,22,
26,31,11,51,36,13,24,29,26,14,22,14,17,47,31,50,43,24,21,13,49,18,17,22,11,10,15,13,10,10,
27,27,19,33,23,12,20,18,17,26,21,16,16,32,19,15,35,29,11,23,17,11,18,16,11,15,26,57,16,14,
55,23,18,27,35,11,28,13,30,20,40,10,37,17,16,24,53,17,10,27,12,10,34,13,55,15,16,40,11,15,
54,35,16,16,20,24,18,28,18,15,19,16,20,23,20,27,34,20,24,14,25,19,48,29,12,10,10,32,11,14,
17,26,22,26,13,19,12,18,14,26,22,14,11,22,12,14,28,18,34,23,19,12,29,32,34,12,18,19,42,16,
20,39,22,24,18,17,21,13,43,23,19,13,15,19,14,18,19,11,12,11,15,12,31,39,29,20,16,27,22,28,
15,11,15,25,18,19,20,36,17,11,11,15,26,42,21,18,20,13,29,26,21,26,18,23,12,18,12,31,28,22,
20,23,16,51,14,19,15,41,21,42,27,17,32,35,11,11,14,16,25,33,12,18,10,12,13,35,27,34,21,29,
27,31,18,26,17,14,18,54,32,11,20,14,32,25,14,29,20,10,17,36,20,15,11,12,13,49,50,31,12,21,
18,11,19,31,22,19,13,25,29,12,13,18,19,31,26,14,19,13,23,28,14,28,16,12,16,45,29,11,23,10,
17,25,14,17,12,15,12,19,17,23,35,28,23,22,17,11,15,17,14,20,14,18,10,17,15,19,35,17,22,10,
43,20,26,13,19,11,59,21,14,17,16,41,43,21,19,10,16,11,13,19,11,11,39,17,17,32,36,29,11,21,
28,16,18,21,18,27,45,23,17,14,11,31,28,20,40,32,21,13,22,10,13,27,37,14,19,24,39,17,10,11,
23,25,11,15,13,21,31,18,18,24,18,13,67,22,37,17,15,16,14,15,16,14,22,18,19,19,56,22,20,11,
18,21,16,11,22,35,48,18,13,19,11,25,22,32,22,11,13,11,11,11,16,10,49,26,11,33,32,20,12,20,
13,16,19,19,22,23,19,11,17,27,10,72,23,20,33,21,31,14,16,27,15,15,16,16,13,19,24,17,12,24,
18,26,11,31,15,12,18,28,19,22,17,37,50,31,18,17,23,24,12,21,16,21,34,28,11,15,32,20,15,10,
18,18,16,12,18,54,36,25,13,29,11,33,20,33,18,12,23,10,11,15,12,17,18,21,19,17,19,21,15,22,
12,11,16,19,15,27,21,17,17,35,10,24,21,22,22,20,13,28,19,15,15,15,22,17,21,18,21,17,13,17,
15,41,10,17,16,38,23,24,17,17,23,18,32,18,13,11,10,22,22,13,17,14,47,15,13,13,22,13,14,15,
19,13,15,12,20,24,22,20,12,33,17,23,19,16,16,10,15,12,12,20,19,11,20,15,16,24,14,33,19,45,
14,20,17,14,15,25,21,11,17,62,15,11,15,17,12,11,23,33,42,54,16,13,24,15,14,16,19,21,21,34,
11,32,14,19,20,28,27,20,21,46,24,12,19,15,15,36,14,24,16,28,17,15,17,12,31,11,16,11,25,51,
26,23,16,13,25,37,23,18,11,44,20,34,16,12,20,42,13,18,12,24,20,11,13,27,17,16,11,20,38,36,
20,23,37,15,15,19,16,11,11,33,30,18,15,16,11,14,15,15,11,21,50,16,28,36,12,12,16,11,40,21,
11,21,23,19,17,26,17,17,20,29,33,15,17,49,13,44,11,14,38,76,36,11,25,23,15,27,38,24,17,15,
21,16,15,14,19,18,21,16,12,23,35,21,13,18,32,39,25,18,12,36,40,13,20,28,16,29,27,23,22,26,
21,15,19,13,15,18,18,17,11,24,33,12,13,34,24,34,22,16,12,21,25,14,19,16,13,20,28,22,28,20,
11,17,14,27,14,18,28,24,28,23,19,41,16,36,16,11,11,15,36,44,16,11,22,14,14,18,23,20,19,19,
18,13,11,23,19,11,29,13,19,17,16,18,12,24,19,10,15,21,17,26,28,15,18,28,16,14,13,16,11,42,
22,18,24,28,16,14,24,15,13,18,28,11,16,92,11,20,28,15,17,24,19,16,19,19,15,16,22,12,12,22,
12,15,18,47,27,21,31,19,23,37,23,13,21,20,27,19,15,19,15,38,31,11,19,44,11,19,11,20,17,23,
27,18,38,31,38,14,18,15,34,41,16,21,43,12,15,14,16,66,18,29,22,13,14,18,28,17,10,20,13,20,
26,22,38,44,37,15,25,20,23,39,19,15,25,26,13,14,14,27,21,22,13,17,13,11,23,15,30,18,11,20,
11,15,39,36,25,18,38,17,23,46,16,20,18,17,17,15,15,29,18,28,13,14,18,10,18,18,18,21,19,20,
15,18,28,20,14,15,32,11,18,45,14,16,24,12,48,11,15,12,19,19,22,14,12,22,28,15,11,23,12,23,
19,15,36,22,15,25,17,14,81,42,29,11,17,24,55,26,12,11,32,32,11,44,11,18,60,18,20,19,12,21,
15,11,32,14,25,18,12,26,23,38,18,18,20,16,53,24,14,30,28,23,12,36,38,15,37,16,11,28,15,16,
35,28,20,12,26,13,27,16,147,32,16,18,21,11,21,27,32,23,45,15,27,32,16,24,25,13,11,48,14,11,
24,28,13,25,27,31,25,19,24,54,22,11,12,21,11,19,44,12,29,11,23,22,37,18,12,11,23,55,11,14,
26,22,15,13,29,22,16,18,13,43,11,14,20,13,22,40,24,27,22,15,11,21,27,14,24,19,11,34,15,25,
64,12,24,13,26,12,23,16,42,41,29,17,35,10,11,18,20,25,28,19,23,37,20,26,15,11,11,49,31,18,
23,11,18,20,37,14,13,27,34,50,18,38,34,64,11,22,34,16,21,13,17,30,31,16,11,13,39,45,26,20,
34,37,22,15,32,18,11,14,18,45,11,12,14,42,45,14,54,26,15,15,12,18,24,14,30,50,18,25,22,31,
22,18,44,14,31,12,29,11,15,40,16,17,27,66,19,15,26,21,54,16,25,20,18,26,18,29,25,19,13,11,
18,12,16,15,31,17,19,28,31,42,45,79,21,52,51,11,47,17,23,12,17,11,21,13,21,16,45,30,11,14,
18,28,14,22,32,19,14,37,18,25,40,26,11,26,18,13,19,26,21,30,11,11,12,14,29,34,40,19,21,14,
19,32,24,16,119,13,15,38,27,20,39,30,38,32,14,12,19,12,36,22,20,30,11,14,18,26,26,16,13,11,
12,44,18,15,24,14,22,28,18,21,22,26,22,33,57,15,40,11,12,22,11,26,93,15,20,26,23,27,35,11,
15,25,14,26,41,21,25,17,14,30,40,29,22,39,20,14,36,36,14,23,11,19,33,11,21,24,23,17,18,44,
20,12,21,14,31,13,60,39,13,25,24,28,35,22,11,19,13,17,19,35,12,48,24,17,22,11,70,12,11,16,
11,16,14,22,31,19,82,21,26,14,31,22,31,16,14,25,30,13,17,18,14,24,27,26,20,16,34,22,13,11,
18,19,16,20,25,42,54,16,14,29,30,19,26,12,24,16,12,25,14,19,12,19,27,21,36,34,30,23,16,47,
24,14,17,12,31,12,27,27,18,22,19,29,21,21,17,25,11,23,19,24,16,21,48,12,19,24,25,17,14,17,
21,17,11,16,30,17,31,18,23,18,11,14,18,14,17,17,23,15,16,18,18,11,31,15,11,16,35,29,34,11,
21,28,13,21,25,20,38,13,22,22,21,26,21,21,21,27,17,25,18,16,18,28,20,46,20,20,33,20,16,21,
37,15,18,19,42,13,24,19,16,24,13,20,12,20,13,17,11,32,20,19,25,23,17,24,19,12,30,17,12,11,
14,16,11,14,69,32,37,14,16,45,18,22,15,16,14,11,19,18,17,22,17,20,25,13,25,19,27,37,27,11,
15,19,17,18,21,38,31,11,16,21,17,24,34,17,18,12,12,16,18,14,14,23,57,14,17,20,20,16,23,45,
66,12,20,22,42,28,20,27,12,22,13,17,42,21,33,28,11,27,22,19,15,22,36,18,19,16,26,13,24,33,
18,15,17,17,28,26,45,20,13,24,35,45,44,17,17,18,35,16,21,16,12,17,44,13,12,24,25,49,18,28,
14,16,16,18,21,24,34,17,55,20,46,27,21,26,15,33,23,31,20,12,12,18,22,26,13,30,19,17,17,33,
15,20,17,21,33,28,32,28,26,19,39,11,13,30,16,24,27,25,18,14,16,20,15,44,16,18,24,18,32,24,
20,23,16,17,31,35,27,16,14,20,29,25,19,19,15,20,25,19,16,22,12,18,17,25,14,18,23,18,15,54,
12,37,11,18,26,62,22,13,25,12,15,21,27,19,21,84,26,25,19,19,24,16,19,53,14,14,18,19,20,18,
11,54,16,24,33,25,32,16,21,16,18,35,19,16,14,32,12,19,13,16,51,14,17,30,12,17,23,19,19,16,
18,23,26,16,44,44,22,23,18,21,32,26,15,25,11,66,27,13,19,19,43,13,19,18,17,21,30,15,14,21,
13,21,46,21,25,26,22,23,21,19,20,19,16,48,25,34,14,22,18,14,23,16,23,29,18,12,18,20,16,12,
13,21,25,23,22,16,34,16,12,11,12,34,17,20,72,17,15,53,18,11,23,13,18,22,14,15,21,20,16,21,
22,17,26,45,15,16,18,17,11,14,15,26,23,32,14,35,17,38,16,24,47,15,26,16,17,17,25,17,12,29,
19,19,25,50,15,19,25,30,20,19,20,19,39,23,28,26,14,35,16,17,20,17,20,14,65,21,21,20,16,18,
14,19,17,60,25,15,22,12,14,12,14,23,19,34,23,21,12,34,14,12,12,15,12,18,55,16,22,18,18,12,
24,12,25,26,15,15,23,14,11,47,15,17,18,24,17,20,17,35,18,24,11,28,15,12,25,18,26,12,13,33,
19,18,23,16,13,19,25,22,26,43,18,27,13,23,34,34,20,72,18,17,24,54,41,16,50,33,20,32,27,19,
15,16,16,34,33,13,23,18,34,88,11,23,15,19,34,18,17,22,13,12,14,52,13,21,41,38,25,23,14,23,
62,14,26,24,35,12,25,18,25,24,24,27,21,11,35,53,19,27,15,30,18,33,15,16,43,33,35,25,12,12,
57,19,23,19,57,21,17,20,20,30,16,24,20,19,23,14,26,25,24,18,24,22,15,16,47,23,20,62,14,15,
49,67,14,22,35,13,16,18,20,30,12,34,19,30,22,20,44,64,54,18,14,33,21,17,63,37,30,35,22,18,
72,43,17,19,49,12,24,20,19,23,21,49,23,46,27,37,47,17,29,16,11,36,25,11,28,27,18,35,24,21,
29,27,18,20,23,22,20,35,14,24,13,46,27,26,18,13,31,31,29,12,26,23,24,13,33,16,13,33,43,14,
38,17,27,35,14,13,13,32,15,13,126,32,46,33,22,17,33,14,30,14,17,43,25,17,30,58,29,36,23,21,
23,34,30,28,115,13,46,45,19,11,24,28,22,47,25,12,46,11,24,20,12,84,42,16,23,44,82,19,62,64,
31,18,24,35,35,43,24,24,16,21,16,45,12,51,15,16,12,36,22,16,22,32,27,18,20,41,37,12,27,21,
20,12,21,32,23,40,14,24,26,12,25,26,58,28,16,18,12,22,20,18,12,38,70,17,20,24,24,48,19,17,
11,40,13,31,23,58,34,37,27,20,12,32,59,35,30,12,24,24,12,21,11,25,38,12,18,33,23,20,34,18,
20,17,18,38,22,30,40,24,17,34,11,29,24,24,19,17,21,24,12,19,34,18,25,15,21,53,24,14,19,22,
14,12,48,27,34,28,27,30,49,25,45,29,13,21,24,17,16,13,18,72,23,14,45,20,18,18,27,31,11,20,
17,24,28,26,25,32,20,35,32,36,19,32,80,23,42,16,12,16,15,33,17,26,25,12,12,17,38,14,22,16,
18,21,27,32,32,20,34,19,31,27,23,23,20,13,25,35,32,20,14,26,27,16,23,14,18,18,19,14,16,23,
14,19,25,20,31,13,34,28,22,27,25,24,14,12,50,20,18,34,26,37,18,38,29,33,14,33,12,16,32,21,
27,25,25,16,18,46,16,18,21,21,48,17,32,31,30,19,13,15,22,45,40,46,39,16,12,13,24,13,24,21,
27,17,18,13,25,20,49,12,25,12,22,12,23,21,59,36,29,18,42,38,25,26,28,13,24,25,32,15,17,20,
69,14,13,16,72,35,24,30,32,14,12,37,21,104,27,30,22,13,25,17,20,24,33,18,24,19,34,17,15,19,
36,55,19,21,33,36,24,25,37,19,40,34,33,25,65,24,19,13,19,17,24,15,29,19,20,24,28,23,17,34,
51,19,17,32,20,25,27,22,28,13,37,27,24,17,41,48,45,27,17,15,19,38,25,40,18,18,29,15,12,16,
46,27,14,20,27,22,20,28,19,27,35,22,43,25,27,15,19,49,22,18,16,28,19,15,19,12,27,17,15,30,
53,22,18,17,27,13,19,16,19,23,22,18,31,29,36,12,12,37,12,25,24,22,22,14,13,15,21,16,18,41,
66,25,29,18,26,26,27,13,13,30,18,30,30,22,26,38,26,29,16,12,18,19,36,13,26,18,17,17,13,37,
86,15,27,15,37,50,19,33,20,26,52,23,26,47,32,21,24,20,18,35,24,21,20,26,15,21,19,15,38,23,
39,37,30,20,28,22,31,19,35,18,22,19,29,20,24,17,17,23,18,17,48,12,17,28,14,18,14,19,20,29,
32,18,31,27,36,17,30,12,43,18,41,28,27,16,13,36,30,24,14,14,25,14,15,41,28,18,19,15,16,66,
33,21,20,24,25,24,21,29,24,23,34,22,29,31,12,43,17,18,15,15,28,19,20,38,29,20,31,19,14,18,
33,33,24,17,55,45,17,20,13,21,19,23,23,20,30,50,13,25,16,18,30,12,17,19,19,16,33,23,16,29,
99,16,28,20,68,29,22,53,12,23,14,23,33,16,12,31,43,17,14,22,31,25,18,39,20,21,27,20,22,13,
37,19,14,27,27,19,14,18,27,32,16,19,25,40,11,17,42,29,18,16,34,50,14,26,24,80,21,21,14,31,
39,19,58,24,43,19,15,50,17,60,42,53,28,15,49,32,32,31,24,17,27,22,27,17,12,34,18,12,16,33,
36,14,36,49,27,23,26,21,17,29,39,48,17,18,58,25,29,35,17,13,27,12,21,32,13,22,21,12,19,19,
38,17,25,24,22,18,25,13,52,19,28,24,17,17,76,22,21,32,21,60,19,16,15,23,20,20,22,31,15,14,
32,20,23,23,25,20,18,12,32,38,19,24,41,13,23,29,28,37,20,24,35,76,19,18,12,20,22,24,34,25,
15,43,24,36,33,21,20,29,36,32,23,53,23,15,21,22,45,32,24,18,22,36,20,47,77,24,18,28,14,12,
15,35,27,22,44,26,17,22,24,60,22,45,20,19,37,23,16,56,41,51,19,61,24,17,35,35,29,26,12,19,
26,18,20,20,21,15,34,19,46,64,25,37,25,21,22,27,37,28,32,14,39,26,42,12,109,25,21,17,15,20,
22,43,15,26,75,36,22,50,33,18,24,58,27,28,13,13,59,24,42,15,20,25,23,19,23,21,37,58,19,12,
19,34,18,19,59,21,18,27,23,44,23,37,22,41,33,21,51,42,18,71,12,19,34,13,27,14,74,34,15,17,
27,34,16,43,42,17,21,41,35,31,23,29,17,23,13,14,43,24,33,23,13,12,13,12,25,69,26,47,31,19,
23,43,35,40,37,27,22,60,30,23,33,26,18,23,14,14,21,24,20,13,19,17,17,29,20,73,44,22,17,14,
16,35,22,29,52,19,19,62,14,26,31,27,41,44,20,26,23,22,13,24,23,23,17,21,22,46,37,13,12,26,
20,34,13,28,25,62,31,40,25,14,23,24,42,32,13,17,27,46,52,12,20,17,14,13,23,47,72,33,68,24,
14,24,27,59,33,25,29,37,22,13,23,20,33,23,14,19,23,33,20,12,40,26,15,19,18,21,34,19,37,31,
14,35,17,42,46,19,20,57,24,22,26,20,30,23,19,18,13,23,17,29,26,12,35,13,20,50,22,32,26,27,
31,20,17,36,33,18,35,27,18,13,19,19,25,14,15,13,18,23,25,18,23,13,18,15,33,25,19,16,72,61,
21,23,23,42,35,27,25,24,23,33,25,21,30,33,17,17,18,14,22,60,23,28,65,37,24,12,18,14,32,17,
42,26,20,60,28,20,55,33,32,27,20,23,29,19,19,18,15,22,16,28,17,27,57,25,44,26,15,22,35,16,
32,13,17,38,22,34,18,18,24,12,13,19,15,12,15,17,47,21,21,25,27,16,26,19,30,22,67,12,45,36,
15,28,19,32,19,33,36,22,16,24,49,22,12,41,18,22,24,17,13,33,21,23,24,20,24,32,22,12,20,28,
28,25,20,32,24,49,31,19,32,16,24,15,24,21,19,24,20,12,12,24,14,14,38,15,26,25,19,22,28,33,
37,14,14,31,44,49,21,14,27,15,25,17,13,16,13,25,48,16,26,19,29,14,51,16,21,47,28,14,37,23,
13,47,17,26,50,27,28,18,34,24,15,24,22,22,13,16,14,20,20,20,39,35,25,13,34,54,22,13,50,24,
29,13,33,24,44,16,22,17,26,16,14,16,24,15,26,18,31,22,16,23,15,22,26,15,23,62,17,32,30,31,
18,14,48,32,52,34,19,13,14,47,33,19,13,28,35,21,30,28,24,29,29,31,28,41,14,40,36,13,12,29,
16,33,32,51,38,16,21,23,16,45,23,25,29,42,31,20,22,21,36,21,22,25,19,14,14,26,21,16,16,18,
39,19,32,25,23,26,27,28,20,42,25,18,22,18,22,21,25,17,19,24,21,21,14,18,32,13,41,22,18,60,
14,14,20,15,36,16,21,17,14,35,43,26,24,33,22,19,12,21,41,24,24,16,18,21,25,16,21,17,13,41,
14,25,13,17,37,22,24,39,22,34,25,26,20,18,64,14,13,16,23,23,24,22,12,14,37,19,17,28,30,28,
23,25,23,43,24,31,52,17,22,36,17,24,13,12,38,16,23,18,73,13,28,14,18,58,25,21,35,22,31,15,
27,35,14,35,38,24,19,12,21,31,15,25,19,24,12,41,13,21,25,32,46,18,27,36,13,19,24,16,53,15,
32,19,45,32,31,21,20,22,28,50,21,24,18,15,17,38,34,16,21,21,34,13,41,27,15,26,20,18,46,27,
26,17,21,22,30,30,24,13,23,40,19,23,19,12,18,59,21,16,49,17,25,19,29,25,17,25,26,14,46,17,
27,22,14,30,27,23,20,24,22,27,28,14,16,25,21,41,14,17,18,21,25,22,35,22,14,19,23,15,53,36,
38,15,45,49,28,45,13,28,26,26,22,110,20,15,28,24,15,25,13,28,46,17,58,26,19,20,15,18,43,33,
27,16,46,35,27,21,19,22,51,22,13,46,20,15,61,23,17,20,32,25,28,19,22,28,19,29,18,20,23,27,
28,19,37,19,37,31,22,30,34,47,27,51,20,28,25,15,14,28,14,24,62,27,34,16,14,17,23,28,43,45,
33,17,46,23,31,36,14,28,41,33,22,39,14,18,28,24,16,41,13,14,28,82,26,21,17,24,23,21,17,26,
21,16,34,21,26,34,27,25,21,21,20,37,14,19,35,20,20,28,20,23,48,38,19,29,22,16,21,27,23,28,
26,18,32,24,36,26,22,37,28,21,25,42,17,34,17,22,19,36,13,20,65,41,22,21,50,27,38,13,30,31,
13,48,31,40,33,23,16,26,15,26,22,38,24,20,13,50,18,27,52,17,33,25,40,26,30,20,21,22,19,13,
29,30,27,24,28,23,31,23,13,23,36,31,17,39,37,15,15,15,40,21,27,25,24,26,41,14,35,49,13,19,
23,41,14,24,29,22,27,34,22,18,23,19,19,58,18,13,66,12,38,15,46,20,19,23,32,32,79,30,19,23,
14,40,13,15,37,15,49,54,14,13,23,43,18,23,28,23,40,24,50,13,28,42,65,36,32,16,36,37,17,15,
20,44,34,13,22,17,25,40,15,39,29,25,15,19,33,14,25,21,33,39,26,27,18,19,31,43,27,25,12,16,
20,22,20,30,32,21,21,31,32,24,20,18,41,40,21,18,33,45,36,23,64,19,13,23,44,48,32,29,21,19,
14,32,35,25,35,20,31,41,20,26,42,15,39,29,32,26,25,21,32,21,35,19,33,30,34,51,36,14,14,16,
30,26,32,29,23,19,18,28,30,16,19,16,45,27,46,25,14,13,35,18,39,41,18,18,21,33,29,18,13,13,
27,23,21,35,31,20,13,26,24,13,21,23,25,20,15,18,35,36,79,15,36,13,63,12,23,31,28,22,53,18,
23,19,17,26,24,20,32,17,18,48,30,24,23,34,29,34,39,23,55,17,29,18,22,21,23,31,29,13,38,21,
32,20,24,27,26,14,33,21,26,14,19,40,55,21,20,14,23,20,27,18,26,20,13,16,18,28,42,21,27,13,
13,15,38,22,33,20,27,27,13,18,27,27,13,23,47,18,19,27,49,13,13,13,29,14,23,54,22,13,24,17,
26,27,41,19,60,39,25,24,25,29,25,33,28,28,20,39,17,19,23,70,12,36,26,28,20,42,13,16,15,19,
17,31,20,26,28,42,25,23,19,38,34,27,14,38,13,73,29,15,70,37,30,18,45,18,13,29,16,16,22,15,
13,39,40,22,26,34,23,26,14,37,21,26,13,47,31,45,26,20,32,34,19,14,100,18,24,27,22,12,15,19,
28,30,29,36,30,39,23,36,14,67,30,64,33,35,22,37,18,21,67,24,13,21,67,21,13,34,18,22,15,24,
21,24,32,22,22,37,15,23,17,26,33,26,19,30,18,48,24,47,27,23,30,15,43,15,13,27,25,13,23,27,
16,31,23,15,31,28,23,14,15,13,40,23,30,28,22,20,13,22,30,17,18,22,34,23,25,13,16,32,13,41,
30,25,27,36,22,26,27,17,24,15,36,18,24,26,15,43,15,20,33,21,58,22,35,20,14,22,21,24,31,25,
23,13,50,26,22,16,28,20,22,26,26,21,14,29,16,32,27,20,25,26,21,14,21,19,23,22,22,23,28,25,
36,31,22,46,35,13,22,21,24,22,29,18,23,25,22,24,20,27,50,70,15,29,19,19,34,19,13,28,32,55,
25,19,22,56,73,23,19,13,20,26,35,18,15,20,17,20,55,21,14,32,35,21,14,25,14,22,15,50,21,50,
21,14,55,25,47,17,29,20,16,23,28,21,19,20,16,22,51,30,19,27,31,15,30,17,27,27,22,28,13,38,
32,32,27,40,32,16,25,20,36,68,36,20,19,22,20,56,27,14,22,21,49,21,19,21,22,21,13,25,16,20,
